horse_no,name,last_race_date,status,profile_last_scraped,出生地,毛色___性別,進口類別,總獎金,冠-亞-季-總出賽次數,馬主,最後評分,父系,母系,外祖父,同父系馬
A001,福穎 (A001) (已退役),2019-01-01,retired,2026-04-19,澳洲,棗 / 閹,自購馬,"$493,000",0-2-1-15,鄭寳君,52.0,Bel Esprit,Filly Of Choice,End Sweep,沒有
A002,哈蝦巴爸 (A002) (已退役),2018-12-23,retired,2026-04-19,澳洲,棕 / 閹,自購馬,"$7,839,875",4-6-1-31,劉日申,102.0,Duke Of Marmalade,Countess Of Tiba,Second Empire,沒有
A003,歌神 (A003) (已退役),2017-11-19,retired,2026-04-19,紐西蘭,棗 / 閹,自購馬,"$308,350",0-0-1-12,馮元璋,64.0,Iffraaj,Singadablues,Danasinga,爆出美麗
A004,喜愛自由 (A004) (已退役),2017-10-25,retired,2026-04-19,紐西蘭,棗 / 閹,自購馬,"$367,425",0-1-1-12,喜多盈賽馬團體,53.0,O'Reilly,Frockstar,Pins,沒有
A005,紅麗舍 (A005) (已退役),2023-06-07,retired,2026-04-19,英國,栗 / 閹,自購新馬,"$8,160,275",5-13-10-86,李卓然先生及夫人,40.0,Champs Elysees,Red Boots,Verglas,沒有
A006,快利 (A006) (已退役),2019-10-12,retired,2026-04-19,澳洲,棗 / 閹,自購新馬,"$1,811,500",2-1-4-26,吳永光,51.0,Danerich,Metung Belle,Viscount,沒有
A007,八心之友 (A007) (已退役),2019-12-29,retired,2026-04-19,澳洲,棗 / 閹,自購新馬,"$3,238,875",3-4-4-45,運通財賽馬團體,34.0,Hard Spun,La Italia,Stravinsky,智勇名駒
A008,運財童子 (A008) (已退役),2018-12-12,retired,2026-04-19,澳洲,棗 / 閹,自購新馬,"$5,686,025",3-9-7-40,鄭惠君與何輝強,70.0,Hinchinbrook,Kianben,Jan Murray,銀進
A009,問鼎高峰 (A009) (已退役),2020-01-22,retired,2026-04-19,澳洲,棗 / 閹,自購新馬,"$5,015,655",5-5-3-33,問鼎高團體,63.0,Magnus,Gypsy Marauder,Marauding,人和家興
A010,智愛 (A010) (已退役),2020-07-05,retired,2026-04-19,澳洲,棕 / 閹,自購新馬,"$4,799,990",5-4-5-34,鄺啟成,65.0,Manhattan Rain,Zipanese,Bellotto,穿雲達月
A011,笑春風 (A011) (已退役),2020-02-19,retired,2026-04-19,澳洲,棕 / 閹,自購新馬,"$1,722,015",2-1-2-28,永遠開心團體,37.0,O'Reilly,Classy Fashion,Fusaichi Pegasus,沒有
A012,葵涌老友 (A012) (已退役),2020-07-08,retired,2026-04-19,澳洲,棗 / 閹,自購新馬,"$1,988,200",3-1-5-41,葵涌扶輪社團體,27.0,Racer's Edge,Shezgonewest,Mugharreb,沒有
A013,海洋王 (A013) (已退役),2018-11-04,retired,2026-04-19,澳洲,棗 / 閹,自購新馬,$0,0-0-0-6,三三捌競馬團體,43.0,Snippetson,Exselva,Exceed And Excel,沒有
A014,仗義執言 (A014) (已退役),2018-11-04,retired,2026-04-19,澳洲,棗 / 閹,自購新馬,"$237,300",0-1-0-18,馬澄發,19.0,So You Think,Dariana,Redoute's Choice,鑽飾閃耀
A015,賀馳 (A015) (已退役),2017-12-17,retired,2026-04-19,澳洲,栗 / 閹,自購新馬,"$145,200",0-1-0-8,葉俊榮與葉天養,38.0,Turffontein,Allapattah,Umatilla,沒有
A017,咪走寶 (A017) (已退役),2018-10-10,retired,2026-04-19,澳洲,棗 / 閹,自購新馬,"$3,129,050",4-2-1-14,三冠團體,77.0,Wanted,Paralegal,O'Reilly,沒有
A018,電訊太神 (A018) (已退役),2018-07-11,retired,2026-04-19,澳洲,栗 / 閹,自購新馬,"$122,100",0-0-1-13,張敬石,28.0,Written Tycoon,Sun 'N' Soda,Desert Sun,疾風財子
A019,香港之星 (A019) (已退役),2018-01-07,retired,2026-04-19,日本,深棗 / 閹,自購新馬,$0,0-0-0-5,丁炳星,39.0,Heart's Cry,Crime,Gulch,沒有
A020,超群心聲 (A020) (已退役),2018-03-03,retired,2026-04-19,日本,深棗 / 閹,自購新馬,"$59,500",0-0-0-9,胡仁華,37.0,Kane Hekili,Eureka Chan,Gold Allure,沒有
A021,幸運美金 (A021) (已退役),2019-02-27,retired,2026-04-19,澳洲,棗 / 閹,自購馬,"$1,571,950",1-2-1-17,李遠發與伍錦明,63.0,All American,Lodore Falls,Redoute's Choice,沒有
A022,最驫 (A022) (已退役),2020-07-05,retired,2026-04-19,澳洲,棕 / 閹,自購馬,"$5,321,025",3-6-6-52,佐藤鄧珺尤,60.0,Blackfriars,Line Of Flight,Bletchley Park,沒有
A023,喝采 (A023) (已退役),2019-06-26,retired,2026-04-19,澳洲,栗 / 閹,自購馬,"$2,307,400",3-2-2-32,巧克力團體,54.0,Lope de Vega,Isola Di Capri,Galileo,悠悠乾坤
A024,勝利導航 (A024) (已退役),2018-10-21,retired,2026-04-19,澳洲,栗 / 閹,自購馬,"$3,643,650",1-4-0-23,雷霆先生及夫人與雷浩,71.0,Sebring,Morning Dews,Peintre Celebre,美麗同享
A025,勝得威 (A025) (已退役),2019-10-01,retired,2026-04-19,澳洲,栗 / 閹,自購馬,"$14,518,350",6-5-3-38,楊惠波與梁承達醫生,105.0,Starcraft,Sunday Service,Sunday Silence,一起美麗
A026,好富有 (A026) (已退役),2018-06-06,retired,2026-04-19,澳洲,棗 / 閹,自購新馬,"$455,400",1-0-0-19,大埔扶輪賽馬團體,15.0,Bel Esprit,Swinging Feeling,Danasinga,沒有
A027,自動波 (A027) (已退役),2018-07-08,retired,2026-04-19,紐西蘭,棗 / 閹,自購新馬,"$549,400",0-1-1-18,蔡茂騰,32.0,Darci Brahma,Boogie Nights,Galileo,領航多財
A029,赤兔 (A029) (已退役),2017-05-10,retired,2026-04-19,澳洲,栗 / 閹,自購新馬,"$29,400",0-0-0-7,張子東,39.0,Duke Of Marmalade,Super Assassin,Galileo,沒有
A030,勇闖者 (A030) (已退役),2020-03-01,retired,2026-04-19,澳洲,棗 / 閹,自購新馬,"$4,548,875",4-4-2-33,蕭梁曉冰,67.0,Fastnet Rock,Black Mamba,Black Minnaloushe,飲杯
A031,洪荒駿駒 (A031) (已退役),2020-07-08,retired,2026-04-19,澳洲,栗 / 閹,自購新馬,"$2,255,425",2-6-4-39,陳李妮與陳國泰,27.0,Foxwedge,Sunday Service,Sunday Silence,型到爆
A033,友情永在 (A033) (已退役),2017-04-09,retired,2026-04-19,澳洲,棗 / 閹,自購新馬,$0,0-0-0-1,超順賽馬團體,52.0,Strategic,Countess Creed,Viscount,沒有
A034,馬化龍 (A034) (已退役),2018-07-08,retired,2026-04-19,澳洲,棗／棕 / 閹,自購新馬,$0,0-0-0-7,龔楊恩慈、楊爕理與許玉嬌,30.0,Tycoon Ruler,Akordat,Danasinga,沒有
A036,烽煙四喜 (A036) (已退役),2021-09-05,retired,2026-04-19,澳洲,棗 / 閹,自購馬,"$9,796,950",9-3-2-44,黃志航與朱淑清,102.0,All American,Jarada,Redoute's Choice,沒有
A037,大輝寶 (A037) (已退役),2017-05-31,retired,2026-04-19,紐西蘭,棗 / 閹,自購馬,"$845,975",1-0-1-5,有遠見團體,79.0,Darci Brahma,Shi Kin Fly,Shinko King,領航多財
A038,好靚女 (A038) (已退役),2017-01-22,retired,2026-04-19,澳洲,棗 / 雌,自購馬,$0,0-0-0-2,蔡惠宏醫生及夫人,73.0,Exceed And Excel,Heptonstall,Octagonal,福星小子
A039,紅衣優駿 (A039) (已退役),2020-06-27,retired,2026-04-19,紐西蘭,棗 / 閹,自購馬,"$7,398,125",5-3-2-36,家喜賽馬團體,82.0,Per Incanto,Viking Angel,Viking Ruler,有財有勢
A040,翡翠劇院 (A040) (已退役),2022-06-05,retired,2026-04-19,澳洲,棗 / 閹,自購馬,"$4,635,345",4-4-3-60,董中浩、董必成與董必政,28.0,Pluck,Miguelita,Danehill,沒有
A041,綫路勇駒 (A041) (已退役),2020-10-18,retired,2026-04-19,紐西蘭,棗 / 閹,自購馬,"$5,799,720",3-6-6-52,陳永錕、鄭永耀與張國華,69.0,Shocking,Zaquabeel,Zabeel,L420
A042,瑞士雄心 (A042) (已退役),2017-04-20,retired,2026-04-19,紐西蘭,栗 / 閹,自購馬,"$142,025",0-0-1-4,曾金泉,69.0,Swiss Ace,Poetic Music,Stravinsky,仁者荃承
A044,喜悅明駒 (A044) (已退役),2020-06-10,retired,2026-04-19,紐西蘭,棗 / 閹,自購新馬,"$1,580,775",2-2-2-27,潘祖明博士、羅趙豐醫生與曾榮超醫生,38.0,Casino Prince,Miraflores,Johar,金錢遊戲
A045,幸運時代 (A045) (已退役),2019-11-27,retired,2026-04-19,紐西蘭,棗 / 閹,自購新馬,"$2,629,900",3-3-1-25,霸王團體,65.0,Castledale,Gulfstream,Yachtie,沒有
A046,錢途再現 (A046) (已退役),2019-06-08,retired,2026-04-19,紐西蘭,棗 / 閹,自購新馬,"$627,900",1-1-0-15,大衛團體,31.0,Darci Brahma,Casual Chick,Casual Lies,領航多財
A047,貝奇利 (A047) (已退役),2018-02-28,retired,2026-04-19,紐西蘭,棗 / 閹,自購新馬,"$371,400",0-1-1-10,趙容燮,44.0,Darci Brahma,Fairy Lights,Fairy King,領航多財
A048,善影 (A048) (已退役),2017-05-21,retired,2026-04-19,紐西蘭,棗 / 閹,自購新馬,$0,0-0-0-4,陳善增,46.0,Darci Brahma,Miraflores,Johar,領航多財
A049,紅旗星將 (A049) (已退役),2020-03-29,retired,2026-04-19,澳洲,棕 / 閹,自購新馬,"$4,733,460",4-6-4-33,紅旗賽馬團體,70.0,Denman,Tell Someone,O'Reilly,常嚐發財
A050,帝豪寶寶 (A050) (已退役),2023-06-04,retired,2026-04-19,紐西蘭,棗 / 閹,自購新馬,"$11,446,125",7-13-8-80,黃成藝,49.0,Denman,Tsukioka,Flying Spur,常嚐發財
A051,首映 (A051) (已退役),2020-01-19,retired,2026-04-19,紐西蘭,棗 / 閹,自購新馬,"$8,857,610",7-3-0-19,忠信賽馬團體,104.0,Dylan Thomas,More Than Sum,More Than Ready,沒有
A052,你知我意 (A052) (已退役),2019-07-03,retired,2026-04-19,澳洲,棗 / 閹,自購新馬,"$3,047,900",4-1-3-34,鍾約瑟,42.0,Exceed And Excel,Dyna Slam,Grand Slam,福星小子
A053,勁快步 (A053) (已退役),2021-01-10,retired,2026-04-19,紐西蘭,棗 / 閹,自購新馬,"$1,784,950",2-2-4-40,江紹智與江亦靈,17.0,Iffraaj,Charangas,Flying Spur,爆出美麗
A054,水源充足 (A054) (已退役),2017-04-30,retired,2026-04-19,澳洲,棗 / 閹,自購新馬,$0,0-0-0-1,何世柱、胡國祥與胡子岐,50.0,Manhattan Rain,Alexandrova,Snitzel,穿雲達月
A055,萬里威揚 (A055) (已退役),2020-07-15,retired,2026-04-19,紐西蘭,灰 / 閹,自購新馬,"$2,197,335",2-5-1-41,盧仲賢先生及夫人與盧展鵬,25.0,Mastercraftsman,Just A Dream,Volksraad,管之友
A056,飛鶯 (A056) (已取消登記),2017-04-17,retired,2026-04-19,紐西蘭,棗 / 閹,自購新馬,"$184,800",0-1-0-3,陳志豪,54.0,Nadeem,Loose Lill,Towkay,沒有
A057,陽明秋秋 (A057) (已退役),2021-04-21,retired,2026-04-19,紐西蘭,棗 / 閹,自購新馬,"$2,874,460",2-6-4-44,黃僑福,35.0,Per Incanto,Vital Choice,Stratum,有財有勢
A059,帝聖寶貝 (A059) (已退役),2019-01-30,retired,2026-04-19,紐西蘭,棗 / 閹,自購新馬,"$1,102,650",2-2-1-25,一家團體,34.0,Rios,Bella Boyd,Star Way,沒有
A061,大籐王 (A061) (已退役),2021-12-18,retired,2026-04-19,紐西蘭,棕 / 閹,自購新馬,"$21,039,300",7-7-4-42,王定波,94.0,Savabeel,Grand Princess,Last Tycoon,鬥志波
A062,響噹噹 (A062) (已退役),2018-07-11,retired,2026-04-19,紐西蘭,棗 / 閹,自購新馬,"$101,200",0-0-1-6,開開心心賽馬團體,42.0,Swiss Ace,Beaver Cove,Mossman,仁者荃承
A063,教主 (A063) (已退役),2018-11-21,retired,2026-04-19,紐西蘭,栗 / 閹,自購新馬,"$461,350",0-2-0-17,熊楓團體,26.0,Thorn Park,Driving Rein,Volksraad,沒有
A064,叫關健康 (A064) (已退役),2020-03-01,retired,2026-04-19,澳洲,棗 / 閹,自購新馬,"$4,481,300",3-5-6-35,陸達權、陸健、陸偉與陸冠廷,54.0,Written Tycoon,Schapelle,Lion Hunter,疾風財子
A065,力王 (A065) (已退役),2021-02-24,retired,2026-04-19,西班牙,棗 / 閹,自購馬,"$2,334,255",1-3-4-43,蕭劍瑩,34.0,American Post,Noozhah,Singspiel,沒有
A066,馬克羅斯 (A066) (已退役),2021-06-20,retired,2026-04-19,英國,栗 / 閹,自購馬,"$39,640,050",7-3-4-44,蕭劍新,99.0,Archipenko,Here To Eternity,Stormy Atlantic,龍船快
A067,金剛之星 (A067) (已取消登記),2020-02-19,retired,2026-04-19,英國,棗 / 閹,自購馬,"$2,340,050",1-4-3-35,唐晓丹,56.0,Makfi,High Cross,Cape Cross,沒有
A068,得德仔 (A068) (已退役),2017-05-17,retired,2026-04-19,美國,棗 / 閹,自購新馬,"$184,800",0-1-0-6,莫興光,52.0,Distorted Humor,Argyle Pink,Sky Mesa,沒有
A069,最佳禮物 (A069) (已退役),2019-02-24,retired,2026-04-19,英國,棕 / 閹,自購新馬,"$55,200",0-0-0-12,劉紀賢,33.0,Iffraaj,Classic Vision,Classic Cliche,爆出美麗
A070,電訊朝陽 (A070) (已退役),2017-12-13,retired,2026-04-19,英國,棗 / 閹,自購新馬,"$28,700",0-0-0-7,張敬川,40.0,Sayif,Ellway Queen,Bahri,沒有
A071,勤德兼備 (A071) (已退役),2023-05-17,retired,2026-04-19,紐西蘭,棗 / 閹,自購馬,"$9,989,070",7-4-6-65,曾向得與曾向勤,73.0,Alamosa,Enchant,Pentire,沒有
A072,晚風 (A072) (已退役),2018-04-29,retired,2026-04-19,紐西蘭,棗 / 閹,自購馬,"$1,473,000",2-0-0-11,周慧,82.0,Darci Brahma,Anca,Howbaddouwantit,領航多財
A073,成竹在胸 (A073) (已退役),2017-01-14,retired,2026-04-19,澳洲,棗 / 閹,自購馬,$0,0-0-0-1,陳次寧,71.0,Domesday,Warm Smytzer,Zabeel,沒有
A074,雲信凡高 (A074) (已退役),2018-09-09,retired,2026-04-19,紐西蘭,棗 / 閹,自購馬,"$1,198,650",0-4-0-11,張林雄,74.0,Swiss Ace,Goldie Thorn,Thorn Park,仁者荃承
A075,贏馬神器 (A075) (已退役),2020-07-12,retired,2026-04-19,澳洲,棗 / 閹,自購新馬,"$2,262,295",3-3-1-35,姚君達,38.0,Choisir,A Class Act,Brief Truce,沒有
A076,隨你鍾意 (A076) (已退役),2017-03-05,retired,2026-04-19,澳洲,棕 / 閹,自購新馬,$0,0-0-0-1,陳穎怡與陳佛恩,52.0,Commands,Kennilworth,Viscount,沒有
A077,奇異晨曦 (A077) (已退役),2018-05-09,retired,2026-04-19,紐西蘭,棗 / 閹,自購新馬,"$132,000",0-0-1-9,唐英年博士,37.0,Darci Brahma,Diamond Deck,Octagonal,領航多財
A078,快樂海龍 (A078) (已退役),2017-09-03,retired,2026-04-19,澳洲,棗 / 閹,自購新馬,$0,0-0-0-4,封俊賢,46.0,Domesday,True Charm,Thunder Gulch,沒有
A079,財高八斗 (A079) (已退役),2019-02-27,retired,2026-04-19,澳洲,棗 / 閹,自購新馬,"$4,507,100",3-7-2-24,八一團體,81.0,Duporth,Delorosa,Show A Heart,沒有
A081,新界之星 (A081) (已退役),2021-05-19,retired,2026-04-19,澳洲,棗 / 閹,自購新馬,"$3,825,395",5-2-7-55,新界鄉議局集團團體,27.0,Exceed And Excel,Nandi,Dynaformer,福星小子
A082,做得好 (A082) (已退役),2020-06-21,retired,2026-04-19,紐西蘭,棗 / 閹,自購新馬,"$741,375",0-2-4-28,鄧偉明,18.0,No Excuse Needed,Kathy O'Reilly,O'Reilly,沒有
A083,埼豐 (A083) (已退役),2020-06-10,retired,2026-04-19,紐西蘭,棗 / 閹,自購新馬,"$4,574,300",7-3-5-58,陳立達,45.0,O'Reilly,Former Glory,Dynaformer,沒有
A084,上浦將王 (A084) (已退役),2018-07-15,retired,2026-04-19,紐西蘭,棗 / 閹,自購新馬,"$23,100",0-0-0-15,金志雯,17.0,O'Reilly,Neversaynever,Howbaddouwantit,沒有
A085,金禧足球 (A085) (已退役),2019-07-14,retired,2026-04-19,紐西蘭,棗 / 閹,自購新馬,"$503,250",0-2-1-26,劉耀柱、劉少桃、劉少華與劉少傑,15.0,O'Reilly,One Love,Danasinga,沒有
A086,都市神話 (A086) (已退役),2022-07-16,retired,2026-04-19,紐西蘭,棗 / 閹,自購新馬,"$4,262,375",3-10-4-48,孔慶明、駱子豪與鄭博文,42.0,Red Giant,Show Exhibit,Danehill,沒有
A087,神速寶 (A087) (已退役),2019-12-04,retired,2026-04-19,紐西蘭,棕 / 閹,自購新馬,"$1,150,005",1-2-1-23,吳偉民,35.0,Savabeel,I Que,O'Reilly,鬥志波
A088,深愛 (A088) (已退役),2021-09-12,retired,2026-04-19,澳洲,棗 / 閹,自購新馬,"$3,346,040",2-6-5-45,蔡連鴻,39.0,Smart Missile,Dashie Diva,Dash For Cash,特別美麗
A089,歡欣拍檔 (A089) (已退役),2018-02-07,retired,2026-04-19,澳洲,棗 / 閹,自購馬,"$74,100",0-0-0-9,梁保羅,55.0,Artie Schiller,Rockellen,Rancho Ruler,幸運有您
A090,西方快車 (A090) (已退役),2018-04-29,retired,2026-04-19,澳洲,栗 / 閹,自購馬,"$16,646,760",5-3-1-20,榮智健,124.0,Encosta de Lago,Alsatia,Marauding,沒有
A091,明月青天 (A091) (已退役),2017-05-21,retired,2026-04-19,澳洲,棗 / 閹,自購馬,"$105,000",0-0-0-8,程凱信與程李愛玲,78.0,High Chaparral,Truly A Beauty,Seeking The Gold,沒有
A092,幸運飛駒 (A092) (已退役),2020-10-07,retired,2026-04-19,澳洲,棗 / 閹,自購馬,"$1,745,950",1-3-5-34,老友記團體,29.0,Holy Roman Emperor,Rule The Waves,King's Best,競駿皇者
A093,鷹雄 (A093) (已退役),2020-05-24,retired,2026-04-19,澳洲,栗 / 閹,自購馬,"$20,930,000",4-3-6-38,蕭百君,109.0,More Than Ready,Wedgetail Eagle,Lure,沒有
A094,確威風 (A094) (已退役),2018-03-18,retired,2026-04-19,澳洲,棕 / 閹,自購馬,"$504,350",0-0-2-19,王經緯,51.0,Northern Meteor,Feelers,Quest For Fame,沒有
A095,環保動力 (A095) (已退役),2019-07-01,retired,2026-04-19,紐西蘭,棗 / 閹,自購馬,"$3,914,525",3-3-1-16,莫湛雄、黃永康與林貞誠,89.0,Rip Van Winkle,Medrano,General Nediym,時尚歡欣
A096,翱翔萬里 (A096) (已退役),2017-07-16,retired,2026-04-19,紐西蘭,棗 / 閹,自購馬,"$43,225",0-0-0-5,鄭家純,64.0,Savabeel,Beyond,Centaine,鬥志波
A097,砂漿邦 (A097) (已退役),2019-12-01,retired,2026-04-19,澳洲,栗 / 閹,自購馬,"$1,794,925",1-3-2-35,陳緯邦,29.0,Street Boss,Whisper Her Name,French Deputy,佛亮老撾
A098,蒙古王 (A098) (已退役),2020-10-01,retired,2026-04-19,紐西蘭,棗 / 閹,自購馬,"$8,870,825",4-8-3-39,陳健文,100.0,Sufficient,Albacora,Lord Ballina,沒有
A099,笑逐顏開 (A099) (已退役),2019-06-08,retired,2026-04-19,紐西蘭,棗 / 閹,自購馬,$0,0-0-0-8,蔡德偉醫生,26.0,Tavistock,Wahaha,Stravinsky,領航傳祺
A100,良才 (A100) (已退役),2020-03-04,retired,2026-04-19,澳洲,棗 / 閹,自購馬,"$4,383,175",3-3-6-33,梁麟炳,71.0,Zoffany,Folichonne,Denon,沒有
A101,戈寶 (A101) (已退役),2019-07-01,retired,2026-04-19,澳洲,棗 / 閹,自購新馬,"$610,125",0-3-0-29,摯友會團體,21.0,Artie Schiller,Pyrotechnics,Canny Lad,幸運有您
A102,彪形猛漢 (A102) (已退役),2018-12-23,retired,2026-04-19,澳洲,棗 / 閹,自購新馬,"$4,283,250",4-3-3-12,劉燊濤與劉燊霆,91.0,Congrats,Secover,Danehill,沒有
A104,閃耀飛輪 (A104) (已取消登記),2017-11-11,retired,2026-04-19,澳洲,棗 / 閹,自購新馬,"$420,800",0-1-2-10,鄧鉅明與鄧宣宏雁,44.0,Not A Single Doubt,Arthur's Lass,Unduplicated,無極勇將
A105,雄得 (A105) (已退役),2019-04-14,retired,2026-04-19,澳洲,栗 / 閹,自購新馬,"$24,150",0-0-0-14,黃華康,4.0,Sepoy,Dakota Sue,Pollard's Vision,沒有
A106,萬里雄風 (A106) (已退役),2018-02-07,retired,2026-04-19,澳洲,棗 / 閹,自購新馬,$0,0-0-0-11,黎劍威、鄭麗鳳、黎嘉儀與黎嘉峰,23.0,Sepoy,Dance On Air,Perugino,沒有
A107,必定掂 (A107) (已退役),2019-07-03,retired,2026-04-19,澳洲,棗 / 閹,自購新馬,"$749,850",0-2-3-26,傅浩堅與許建業,16.0,Wanted,Emma Princess,Invincible Spirit,沒有
A109,大運起 (A109) (已退役),2019-01-23,retired,2026-04-19,英國,棗 / 閹,自購馬,"$1,542,200",2-0-0-27,潘蘇通,64.0,Danehill Dancer,Alchemilla,Dubai Destination,沒有
A110,勝利專家 (A110) (已退役),2018-12-05,retired,2026-04-19,愛爾蘭,棗 / 閹,自購馬,"$3,455,320",3-4-4-31,蕭劍平,69.0,Exceed And Excel,Shepherdia,Pivotal,福星小子
A114,加州議長 (A114) (已退役),2020-06-27,retired,2026-04-21,美國,栗 / 閹,自購馬,"$10,574,925",4-8-6-47,梁欽聖,86.0,Giant's Causeway,Canterbury Lace,Danehill,沒有
A115,赤兔寶駒 (A115) (已退役),2019-09-08,retired,2026-04-21,愛爾蘭,棗 / 閹,自購馬,"$4,184,200",2-2-1-25,蔡華波,87.0,Lope de Vega,Portelet,Night Shift,悠悠乾坤
A116,猛闖 (A116) (已取消登記),2018-04-02,retired,2026-04-21,愛爾蘭,棗 / 閹,自購馬,"$3,199,700",4-1-0-23,張顯信,79.0,Zebedee,Refuse To Give Up,Refuse To Bend,沒有
A119,創世紀 (A119) (已退役),2018-10-21,retired,2026-04-21,南非,棗 / 閹,自購馬,"$2,336,250",1-0-1-7,蕭劍瑩,112.0,Dynasty,Cosima Liszt,Rich Man's Gold,沒有
A122,雄獅動力 (A122) (已退役),2018-07-15,retired,2026-04-21,紐西蘭,棗 / 閹,自購新馬,"$280,200",0-0-3-19,雄獅團體,16.0,Coats Choice,Drizzle,Ski Captain,做好自己
A130,陽光大地 (A130) (已退役),2020-05-27,retired,2026-04-21,英國,灰 / 閹,自購馬,"$2,037,235",2-1-2-32,黃若青,45.0,Elzaam,Jillolini,Bertolini,孤風潛影
A131,西域猴王 (A131) (已退役),2019-04-22,retired,2026-04-21,英國,棗 / 閹,自購馬,"$363,400",0-1-2-18,張漢傑、張慧施與張宇成,38.0,Rio de La Plata,Zarkiyna,Sendawar,沒有
A132,安駒 (A132) (已退役),2017-10-14,retired,2026-04-21,愛爾蘭,栗 / 閹,自購馬,"$105,000",0-0-0-4,王忠秣先生及夫人,89.0,Zoffany,Attalea,Monsun,沒有
A134,勁哥兒 (A134) (已退役),2019-05-05,retired,2026-04-21,愛爾蘭,灰 / 閹,自購馬,"$5,543,000",4-2-2-25,蕭劍平,98.0,Strategic Prince,Eroica,Highest Honor,沒有
A140,放眼量 (A140) (已退役),2020-07-12,retired,2026-04-21,澳洲,栗 / 閹,自購馬,"$4,443,538",4-3-3-48,葉鍾佩雲,48.0,Street Boss,Vogue Beauty,Arena,佛亮老撾
A142,友享友賞 (A142) (已退役),2020-04-15,retired,2026-04-21,紐西蘭,棗 / 閹,自購新馬,"$3,490,860",4-3-3-35,張展明,50.0,Darci Brahma,Grace And Eva,Stravinsky,領航多財
A147,星運判官 (A147) (已退役),2019-06-26,retired,2026-04-21,紐西蘭,灰 / 閹,自購馬,"$2,706,600",3-3-0-30,游紹賢,62.0,Align,Annalee,Kingdom Bay,沒有
A151,樂也悠悠 (A151) (已退役),2019-01-30,retired,2026-04-21,紐西蘭,栗 / 閹,自購新馬,"$65,550",0-0-0-17,莫炳權,15.0,Per Incanto,Bois de Boulogne,Peintre Celebre,有財有勢
A153,青梅竹馬 (A153) (已退役),2018-01-28,retired,2026-04-21,澳洲,棗 / 閹,自購新馬,"$115,500",0-0-1-11,張根棠、張家成與謝天澤,35.0,Smart Missile,Zabelka,Zabeel,特別美麗
A154,慣勝共贏 (A154) (已退役),2018-10-31,retired,2026-04-21,愛爾蘭,棗 / 閹,自購馬,"$2,134,900",2-2-0-14,進取會團體,83.0,Makfi,Baine,Country Reel,沒有
A155,福妙 (A155) (已退役),2017-11-22,retired,2026-04-21,法國,棗 / 閹,自購馬,"$288,200",0-1-0-7,鄭寶希,65.0,Scalo,Indyca,Panis,沒有
A157,仁者荃心 (A157) (已退役),2020-12-13,retired,2026-04-21,愛爾蘭,棗 / 閹,自購馬,"$12,740,050",5-4-3-30,黃金年華團體,120.0,Dandy Man,Royal Majestic,Tobougg,定風波
A158,包裝奇兵 (A158) (已取消登記),2017-05-17,retired,2026-04-21,愛爾蘭,棕 / 閹,自購馬,"$142,025",0-0-1-4,李文恩,80.0,Requinto,Positive Step,Footstepsinthesand,沒有
A159,美麗威威 (A159) (已退役),2017-11-15,retired,2026-04-21,英國,棗 / 閹,自購馬,"$807,950",1-0-0-5,陳振邦,84.0,Shamardal,Gradara,Montjeu,御冠軍
A160,型酒杯 (A160) (已退役),2019-11-17,retired,2026-04-21,愛爾蘭,棗 / 閹,自購馬,"$1,883,650",3-1-1-27,陳德華先生及夫人,56.0,Shamardal,Marine City,Carnegie,御冠軍
A161,如意運來 (A161) (已退役),2018-01-13,retired,2026-04-21,美國,棗 / 閹,自購馬,$0,0-0-0-5,加瑪威勝團體,67.0,War Chant,Rose Red,Fashion Find,沒有
A162,話得事 (A162) (已退役),2019-07-07,retired,2026-04-21,愛爾蘭,棗 / 閹,自購馬,"$2,630,625",1-4-3-21,有得傾團體,78.0,Canford Cliffs,Awjila,Oasis Dream,沒有
A163,友情人 (A163) (已退役),2019-02-20,retired,2026-04-21,美國,灰 / 閹,自購馬,"$2,099,300",1-2-2-26,史昊洺,58.0,Exchange Rate,Ruby's Realm,Empire Maker,沒有
A164,贏科超影 (A164) (已退役),2024-11-20,inactive,2026-04-21,愛爾蘭,棗 / 閹,自購馬,"$6,955,760",8-2-6-84,嚴明,34.0,Famous Name,Agnetha,Big Shuffle,沒有
A165,百步穿雲 (A165) (已退役),2022-01-05,retired,2026-04-21,愛爾蘭,栗 / 閹,自購馬,"$14,062,700",6-7-7-43,華協會團體,107.0,Lope de Vega,Al Basar,Sahm,悠悠乾坤
A168,中華之光 (A168) (已退役),2021-02-06,retired,2026-04-21,澳洲,棗 / 閹,自購馬,"$4,350,970",4-4-2-50,中華之光賽馬團體,55.0,Dash For Cash,Letter From France,Exceed And Excel,沒有
A169,中游神箭 (A169) (已退役),2018-01-21,retired,2026-04-21,澳洲,棗 / 閹,自購馬,$0,0-0-0-16,中華游樂會團體,20.0,Red Arrow,Song Dynasty,Unbridled's Song,沒有
A170,駿皇綵 (A170) (已退役),2021-03-07,retired,2026-04-21,澳洲,棗 / 閹,自購馬,"$7,803,550",5-1-5-50,譚少強,67.0,Red Element,Trail Of Secrets,Secret Savings,沒有
A171,開心歡星 (A171) (已退役),2019-01-16,retired,2026-04-21,澳洲,棗 / 閹,自購馬,"$2,810,275",1-2-6-21,盧銓鏗,70.0,Snitzel,At Ease,Canny Lad,百賀飛駒
A172,金如意 (A172) (已退役),2020-09-23,retired,2026-04-21,紐西蘭,棗 / 閹,自購馬,"$3,520,620",3-1-5-40,喜夫人團體,47.0,Tavistock,Dantessa,Danasinga,領航傳祺
A173,有獎 (A173) (已退役),2019-04-10,retired,2026-04-21,澳洲,棗 / 閹,自購馬,"$1,940,175",1-2-2-21,王明澤,69.0,War Chant,Innsbruck,Commands,沒有
A174,神乎其技 (A174) (已退役),2020-04-01,retired,2026-04-21,澳洲,棗 / 閹,自購新馬,"$1,013,600",0-4-1-25,歡樂時光團體,23.0,Bernardini,Montaza,Choisir,沒有
A177,鞍歌 (A177) (已退役),2021-03-31,retired,2026-04-21,澳洲,棗 / 閹,自購新馬,"$7,954,850",5-7-7-40,福志團體,87.0,Smart Missile,Miss Bellezza,Flying Spur,特別美麗
A178,承你所願 (A178) (已退役),2020-07-05,retired,2026-04-21,澳洲,棗 / 閹,自購新馬,"$6,203,570",7-4-4-36,關百豪,74.0,Statue Of Liberty,Snow Flight,Colombia,沒有
A179,盈華盛甲 (A179) (已退役),2020-05-27,retired,2026-04-21,澳洲,棗 / 閹,自購新馬,"$2,773,405",3-4-2-29,陳慕婷,52.0,Tickets,Fleur de Lion,Tale Of The Cat,沒有
A181,榮進好蹄 (A181) (已退役),2017-10-22,retired,2026-04-21,日本,栗 / 閹,自購新馬,"$94,300",0-0-1-4,平井宏承,46.0,A Shin Forward,A Shin Cool D,Distorted Humor,沒有
A182,由心出色 (A182) (已退役),2017-10-01,retired,2026-04-21,澳洲,棗 / 閹,自購馬,$0,0-0-0-8,陳志,46.0,Fastnet Rock,Paint By Numbers,Peintre Celebre,飲杯
A183,燈胆精英 (A183) (已退役),2021-01-13,retired,2026-04-21,紐西蘭,灰 / 閹,自購馬,"$1,712,780",1-2-3-37,莊堅毅與莊竣傑,34.0,Iffraaj,Miranda Miss,Reset,爆出美麗
A184,咪走雞 (A184) (已退役),2018-07-01,retired,2026-04-21,紐西蘭,棗 / 閹,自購馬,$0,0-0-0-3,三冠團體,64.0,Roc de Cambes,Lim's Rainbow,Rory's Jester,沒有
A185,陽明家家 (A185) (已退役),2018-02-25,retired,2026-04-21,紐西蘭,棗 / 閹,自購馬,"$52,800",0-0-0-14,黃又華,22.0,Thewayyouare,Bellona,Volksraad,沒有
A186,萬霸駒 (A186) (已退役),2020-02-19,retired,2026-04-21,紐西蘭,棗 / 閹,自購新馬,"$1,529,725",1-4-4-31,方中先生及夫人、方貫威與方貫賢,20.0,Cape Blanco,Mi Centie,Centaine,沒有
A187,環翠戰士 (A187) (已取消登記),2020-10-04,retired,2026-04-21,紐西蘭,棗 / 閹,自購新馬,"$2,847,270",3-3-1-29,程雲龍,57.0,Castledale,Indy Star,Indian Danehill,沒有
A188,喜進 (A188) (已退役),2019-04-10,retired,2026-04-21,紐西蘭,棗 / 閹,自購新馬,"$4,009,300",4-3-2-22,賞心悅目團體,75.0,Darci Brahma,Bright Abyss,Royal Academy,領航多財
A189,快閃的 (A189) (已退役),2020-12-09,retired,2026-04-21,澳洲,棗 / 閹,自購新馬,"$3,298,580",4-3-3-44,葉仁犉、周慧生與唐文亮,44.0,Not A Single Doubt,Plain Crazy,Bite The Bullet,無極勇將
A190,怪獸都市 (A190) (已退役),2021-01-31,retired,2026-04-21,紐西蘭,棗 / 閹,自購新馬,"$4,533,150",5-7-2-58,鍾昀洛,36.0,O'Reilly,Holiday In Goa,Stravinsky,沒有
A191,料事如神 (A191) (已退役),2019-02-13,retired,2026-04-21,紐西蘭,棗 / 閹,自購新馬,"$193,500",0-1-0-17,廖立煒與廖建平,23.0,Rip Van Winkle,Electrostatic,Elnadim,時尚歡欣
A192,馬主至尊 (A192) (已退役),2017-05-13,retired,2026-04-21,澳洲,棗 / 閹,自購新馬,$0,0-0-0-2,香港馬主團體,48.0,Testa Rossa,Exceedingly Regal,Exceed And Excel,沒有
A193,上浦福滿 (A193) (已退役),2021-07-14,retired,2026-04-21,法國,棗 / 閹,自購馬,"$3,251,700",3-3-4-53,金志達,19.0,Doctor Dino,Arthurs Princess,Monashee Mountain,沒有
A194,中華盛世 (A194) (已退役),2018-11-18,retired,2026-04-21,法國,栗 / 閹,自購馬,"$7,694,750",3-1-2-12,肖潭平先生及夫人,115.0,My Risk,Sikkim,Linamix,沒有
A195,好有米 (A195) (已退役),2018-10-13,retired,2026-04-21,愛爾蘭,棗 / 閹,自購馬,"$138,600",0-0-1-18,幸運飛鏢團體,24.0,Kodiac,Fikrah,Medicean,君子
A196,紅運爵士 (A196) (已退役),2019-02-27,retired,2026-04-21,愛爾蘭,棗 / 閹,自購馬,"$2,467,550",2-2-1-22,夏佳理與夏安麗,72.0,Sir Prancealot,Spring Crocus,Noverre,光輝所願
A197,快樂魔王 (A197) (已退役),2019-10-09,retired,2026-04-21,愛爾蘭,棗 / 閹,自購馬,"$455,550",0-2-1-21,徐威,32.0,Vocalised,Christinas Letter,Galileo,沒有
A198,關關雎 (A198) (已退役),2017-11-19,retired,2026-04-21,愛爾蘭,棗 / 閹,自購新馬,"$176,300",0-0-0-10,許威望,32.0,Approve,Anything,Rock Of Gibraltar,沒有
A199,晧天甘霖 (A199) (已退役),2017-05-13,retired,2026-04-21,愛爾蘭,棗 / 閹,自購新馬,"$28,700",0-0-0-2,鄔顯庭醫生,52.0,Holy Roman Emperor,Prayers For Rain,Darshaan,競駿皇者
A200,幸運大師 (A200) (已退役),2018-07-08,retired,2026-04-21,愛爾蘭,棗 / 閹,自購新馬,"$856,900",1-2-0-16,張素玲,40.0,Holy Roman Emperor,Taking Liberties,Royal Academy,競駿皇者
A201,劍聶風 (A201) (已退役),2023-03-26,retired,2026-04-21,澳洲,栗 / 閹,自購馬,"$4,820,250",5-6-4-68,拔萃舊生團體,20.0,Hussonet,Grantsville,Trempolino,沒有
A202,美妙星 (A202) (已退役),2020-07-15,retired,2026-04-21,澳洲,棗 / 閹,自購馬,"$2,088,180",1-3-2-28,葉克勇,49.0,Medaglia d'Oro,Pouter,Dubawi,焦點
A203,好好佳駒 (A203) (已取消登記),2017-05-17,retired,2026-04-21,澳洲,棗 / 閹,自購馬,"$74,100",0-0-0-5,李敏兒、何志豪、何毓麟與張少𡖖,62.0,Snitzel,She Must Be Obeyed,Commands,百賀飛駒
A204,萬事醒 (A204) (已退役),2019-05-08,retired,2026-04-21,澳洲,棕 / 閹,自購新馬,"$2,766,650",4-2-2-31,伍燕梅,45.0,Drumbeats,Lights Off,Way Of Light,沒有
A205,完美風暴 (A205) (已退役),2018-05-02,retired,2026-04-21,澳洲,棗 / 閹,自購新馬,$0,0-0-0-9,黎汝遠與黎奐君,28.0,Monaco Consul,Ladyofdistinction,Darci Brahma,沒有
A207,爆騷 (A207) (已退役),2022-04-03,retired,2026-04-21,澳洲,棗 / 閹,自購新馬,"$5,468,520",6-4-5-45,香港綫路板協會團體,51.0,Not A Single Doubt,Evoked,Song Of Tara,無極勇將
A208,樂多福 (A208) (已退役),2020-11-01,retired,2026-04-21,澳洲,棗 / 閹,自購新馬,"$1,035,000",1-2-2-27,黃宓芝,23.0,Red Element,Bokissa,Bradbury's Luck,沒有
A209,自由旺 (A209) (已退役),2020-01-27,retired,2026-04-21,澳洲,棗 / 閹,自購新馬,"$3,543,575",4-3-8-47,梁松山,34.0,Reward For Effort,Charmed Lady,Jugah,前衛火影
A210,妙力之城 (A210) (已退役),2017-12-03,retired,2026-04-21,澳洲,棗 / 閹,自購新馬,"$654,100",1-0-1-7,凌基偉與凌釗城,53.0,Sebring,Amusements,Anabaa,美麗同享
A211,靠眼光 (A211) (已退役),2017-05-07,retired,2026-04-21,澳洲,棗 / 閹,自購新馬,"$957,600",2-0-0-2,譚榮根,65.0,Turffontein,Crystal Cheval,Fastnet Rock,沒有
A212,博利多 (A212) (已退役),2018-01-31,retired,2026-04-21,澳洲,棗 / 閹,自購馬,$0,0-0-0-8,黃志祥,53.0,Al Maher,Intralase,Spinning World,沒有
A213,靚跑得 (A213) (已退役),2019-07-10,retired,2026-04-21,澳洲,棗 / 閹,自購馬,"$48,300",0-0-0-14,劉寶文與吳慧思,47.0,Reward For Effort,Miss Ireland,O'Reilly,前衛火影
A214,火箭駒 (A214) (已退役),2019-07-01,retired,2026-04-21,澳洲,棗 / 閹,自購馬,"$3,129,400",1-2-1-26,洪定騰,65.0,Smart Missile,Some Girls Do,More Than Ready,特別美麗
A215,多紅利 (A215) (已退役),2019-09-21,retired,2026-04-21,澳洲,棗 / 閹,自購馬,"$2,424,450",2-1-2-28,10/11 約翰摩亞練馬師賽馬團體,62.0,Smart Missile,Touch Of Greatness,Don Eduardo,特別美麗
A216,開心再現 (A216) (已退役),2019-07-07,retired,2026-04-21,澳洲,棗 / 閹,自購馬,"$169,050",0-0-1-24,吳耀國與陳善增,24.0,Snippetson,Green Mirage,Green Desert,沒有
A217,好友無敵 (A217) (已退役),2022-03-23,retired,2026-04-21,澳洲,棗 / 閹,自購馬,"$3,908,355",5-2-3-64,陳國強,34.0,Street Cry,Ambitious Lady,Anabaa,沒有
A218,醒目駿駒 (A218) (已退役),2017-05-24,retired,2026-04-21,紐西蘭,栗 / 閹,自購馬,"$142,025",0-0-1-5,明肇森與明耀添,70.0,Thorn Park,Straight Eight,Danske,沒有
A219,輕彈錢暢 (A219) (已退役),2017-12-06,retired,2026-04-21,澳洲,棗 / 閹,自購新馬,$0,0-0-0-6,葉文驍,38.0,Commands,Sevillano,Octagonal,沒有
A220,真跑得 (A220) (已退役),2020-04-12,retired,2026-04-21,澳洲,棗 / 閹,自購新馬,"$2,306,800",3-3-3-34,楊珮欣,36.0,High Chaparral,Sutology,Straussbrook,沒有
A221,精算八方 (A221) (已退役),2020-05-27,retired,2026-04-21,澳洲,棕 / 閹,自購新馬,"$4,836,080",5-6-1-41,龐維寧先生及夫人,62.0,Medaglia d'Oro,Idriess,Anabaa,焦點
A222,架勢 (A222) (已退役),2019-07-10,retired,2026-04-21,澳洲,棗 / 閹,自購新馬,"$3,057,350",4-3-2-30,李國能與陳文生,59.0,More Than Ready,Jujube,Encosta de Lago,沒有
A223,同威 (A223) (已退役),2020-04-15,retired,2026-04-21,澳洲,棗 / 閹,自購新馬,"$115,575",0-1-0-14,王賜豪醫生,28.0,Mossman,Fromage,Flying Spur,沒有
A224,歡喜心 (A224) (已退役),2021-11-10,retired,2026-04-21,澳洲,棗 / 閹,自購新馬,"$4,948,870",4-5-4-46,陳鈞洪先生及夫人,30.0,Myboycharlie,Dangerous Dancer,Danehill Dancer,勇敢巨星
A225,天皇行者 (A225) (已退役),2018-03-11,retired,2026-04-21,澳洲,棗 / 閹,自購新馬,$0,0-0-0-6,周家輝,28.0,Onemorenomore,Acupuncture,Pins,沒有
A227,回憶 (A227) (已退役),2017-11-01,retired,2026-04-21,愛爾蘭,棗 / 閹,自購馬,$0,0-0-0-4,游國輝,61.0,Clodovil,Aloisi,Kalanisi,沒有
A228,紅運發財 (A228) (已退役),2019-01-23,retired,2026-04-21,美國,棗 / 閹,自購馬,"$3,806,810",3-2-2-23,夏佳理與夏安麗,73.0,Hat Trick,Asuncion,Powerscourt,沒有
A229,萬馬歡騰 (A229) (已退役),2019-02-24,retired,2026-04-21,愛爾蘭,棗 / 閹,自購馬,"$822,650",0-2-1-23,主教山團體,42.0,Helmet,Without Precedent,Polish Precedent,沒有
A230,佳運星 (A230) (已取消登記),2018-01-01,retired,2026-04-21,愛爾蘭,棗 / 閹,自購馬,"$98,650",0-0-0-11,梁煥乾與梁坤,56.0,Lilbourne Lad,Misty Night,Galileo,沒有
A231,麥芽糖 (A231) (已退役),2019-07-07,retired,2026-04-21,愛爾蘭,棕 / 閹,自購馬,"$78,600",0-0-0-16,凌偉燊先生及夫人與凌兆銘,34.0,Requinto,Definite Opinion,Kheleyf,沒有
A232,嘻嘻哈哈 (A232) (已取消登記),2017-07-16,retired,2026-04-21,英國,棗 / 雄,自購馬,$0,0-0-0-5,張佐治先生及夫人,62.0,Zamindar,Solar Pursuit,Galileo,沒有
A233,大地威龍 (A233) (已退役),2018-10-31,retired,2026-04-21,德國,棗 / 閹,自購馬,$0,0-0-0-14,大地團體,18.0,Caradak,Dyanamore,Mt Livermore,沒有
A235,堅離地 (A235) (已退役),2022-07-06,retired,2026-04-21,愛爾蘭,棗 / 閹,自購馬,"$2,195,400",3-4-2-51,白雪公主團體,17.0,Approve,Cuilaphuca,Danetime,沒有
A236,添法寶 (A236) (已退役),2018-12-05,retired,2026-04-21,愛爾蘭,棗 / 閹,自購馬,$0,0-0-0-13,霍玉堂先生及夫人,32.0,Elzaam,Kind Regards,Unfuwain,孤風潛影
A237,佳運喜 (A237) (已退役),2018-11-04,retired,2026-04-21,愛爾蘭,棗 / 閹,自購馬,"$226,200",0-0-1-18,梁坤,31.0,Kodiac,Defined Feature,Nabeel Dancer,君子
A238,跳出香港 (A238) (已退役),2021-01-24,retired,2026-04-21,法國,棗 / 閹,自購馬,"$17,272,725",6-2-2-20,跳出香港團體,126.0,Myboycharlie,Lana Girl,Arch,勇敢巨星
A239,玩得喜 (A239) (已退役),2018-11-18,retired,2026-04-21,英國,棗 / 閹,自購馬,"$1,421,200",1-4-0-26,楊耀宗,57.0,Paco Boy,Tereshkina,Sadler's Wells,沒有
A240,有備而來 (A240) (已退役),2019-12-26,retired,2026-04-21,愛爾蘭,棗 / 閹,自購馬,"$2,090,700",2-1-0-16,丁紹賢,76.0,Rip Van Winkle,Applause,Danehill Dancer,時尚歡欣
A241,興利多 (A241) (已退役),2017-04-09,retired,2026-04-21,愛爾蘭,灰 / 雄,自購馬,$0,0-0-0-3,黃敏華,84.0,Zebedee,Goldendale,Ali-Royal,沒有
A242,獎金勁 (A242) (已退役),2017-09-10,retired,2026-04-21,愛爾蘭,棗 / 閹,自購新馬,$0,0-0-0-3,陳志強先生及夫人,48.0,Arcano,Babacora,Indian Ridge,沒有
A243,紅褲兵 (A243) (已退役),2017-05-13,retired,2026-04-21,愛爾蘭,栗 / 閹,自購新馬,"$143,500",0-0-1-2,陳詩綢與郭仲池,57.0,Sir Prancealot,Tides,Bahamian Bounty,光輝所願
A244,冰糖葫蘆 (A244) (已退役),2019-07-07,retired,2026-04-21,英國,棗 / 閹,自購馬,"$2,498,325",1-3-3-25,倪民與王紅,62.0,Equiano,Miss Rimex,Ezzoud,電源之駒
A245,靈鋒 (A245) (已退役),2023-04-06,retired,2026-04-21,愛爾蘭,棗 / 閹,自購馬,"$2,723,055",4-2-6-62,陳有悅與陳昌海,15.0,Rip Van Winkle,Gwyllion,Red Ransom,時尚歡欣
A246,家樂駿駒 (A246) (已退役),2018-05-09,retired,2026-04-21,德國,棗 / 閹,自購馬,"$658,925",0-1-0-11,黃雯茵與黃應湘,66.0,Areion,Goonda,Darshaan,沒有
A247,鵲橋飛渡 (A247) (已退役),2024-03-13,retired,2026-04-21,德國,棗 / 閹,自購馬,"$4,722,020",5-3-6-66,賴偉智,23.0,Wiener Walzer,Saaleland,Lando,沒有
A248,估惑 (A248) (已退役),2019-01-12,retired,2026-04-21,愛爾蘭,栗 / 閹,自購馬,"$6,597,525",3-7-2-25,許世勳夫人與許世勳遺產執行人,101.0,Dandy Man,Piece Unique,Barathea,定風波
A249,為善聚樂 (A249) (已退役),2021-06-09,retired,2026-04-21,愛爾蘭,棗 / 閹,自購馬,"$2,354,925",2-6-5-46,為善聚樂賽馬團體,21.0,Thewayyouare,Vera Mont,Danehill Dancer,沒有
A250,精益大使 (A250) (已退役),2019-05-05,retired,2026-04-21,澳洲,栗 / 閹,自購馬,$0,0-0-0-11,鄭穩偉,62.0,Helmet,Preserve,Canny Lad,沒有
A251,運才 (A251) (已退役),2020-07-05,retired,2026-04-21,澳洲,棗 / 閹,自購馬,"$2,344,000",2-4-3-30,梁冠華,59.0,Myboycharlie,Aloha Charm,Marauding,勇敢巨星
A252,川河尊駒 (A252) (已退役),2021-11-21,retired,2026-04-21,澳洲,棗 / 閹,自購馬,"$59,179,883",9-8-8-47,何家駒,123.0,Not A Single Doubt,Donna's Appeal,Carnegie,無極勇將
A253,威信 (A253) (已退役),2019-04-17,retired,2026-04-21,澳洲,栗 / 閹,自購馬,"$4,030,000",3-2-4-24,曹光彪,84.0,Star Witness,My Central,Central Park,晨曦儷人
A254,電子大師 (A254) (已退役),2020-03-11,retired,2026-04-21,澳洲,棗 / 閹,自購新馬,"$3,414,140",4-3-2-27,嚴子杰先生及夫人,62.0,Dreamscape,Ditas,Don Eduardo,沒有
A255,戥您開心 (A255) (已退役),2019-02-24,retired,2026-04-21,澳洲,栗 / 閹,自購新馬,$0,0-0-0-16,鄧明、鄧澤良、鄧澤民與鄧惠玲,15.0,Happy Giggle,Out There,Marwina,沒有
A257,天下為攻 (A257) (已退役),2019-12-08,retired,2026-04-21,澳洲,棗 / 閹,自購新馬,"$15,719,250",7-1-0-16,利子厚與陳衍里醫生,115.0,Mossman,Inca Lagoon,Hussonet,沒有
A259,歡樂農 (A259) (已退役),2018-04-08,retired,2026-04-21,澳洲,棗 / 閹,自購新馬,$0,0-0-0-8,歡樂聯盟團體,30.0,Starcraft,Accomplishment,Flying Spur,一起美麗
A260,勇敢傳說 (A260) (已退役),2020-04-22,retired,2026-04-21,澳洲,棗 / 閹,自購馬,"$4,319,500",4-1-2-34,林黃寧艷與林建康,71.0,Choisir,Uno Sayuri,Scatter The Gold,沒有
A261,好客本色 (A261) (已退役),2018-11-10,retired,2026-04-21,紐西蘭,棗 / 閹,自購馬,"$1,506,700",0-3-4-22,譚錦標與王家惠,49.0,Darci Brahma,Lava Lady,Kenmare,領航多財
A262,平湖之星 (A262) (已退役),2019-11-17,retired,2026-04-21,紐西蘭,灰 / 閹,自購馬,"$8,752,650",5-3-2-20,平湖之友團體,111.0,Mastercraftsman,Sharp Point,Point Given,管之友
A263,豐利多 (A263) (已退役),2017-05-21,retired,2026-04-21,紐西蘭,棗 / 閹,自購馬,$0,0-0-0-3,黃志祥,69.0,Rios,Danish Wedding,Danasinga,沒有
A264,好友勝 (A264) (已退役),2018-07-15,retired,2026-04-21,澳洲,棗 / 閹,自購新馬,$0,0-0-0-3,楊紹信、張育德、黃德偉與何志強,44.0,Animal Kingdom,Bella Cantata,Stravinsky,大力猴王
A266,常豐裕 (A266) (已退役),2019-01-30,retired,2026-04-21,紐西蘭,棕 / 閹,自購新馬,"$2,095,800",2-2-6-20,北大人團體,57.0,Bullbars,Senorita Rosay,Senor Pete,沒有
A267,勁飛寶寶 (A267) (已退役),2020-05-13,retired,2026-04-21,紐西蘭,棗 / 閹,自購新馬,"$1,604,525",2-2-1-32,朝氣團體,38.0,Ekraar,Keeperinthemyst,Keeper,沒有
A268,凱旋號角 (A268) (已退役),2018-07-08,retired,2026-04-21,澳洲,棕 / 閹,自購新馬,"$376,200",1-0-0-10,衞慶華,40.0,Foxwedge,Dance Class,Bin Ajwaad,型到爆
A269,威勝哥 (A269) (已退役),2018-12-16,retired,2026-04-21,紐西蘭,棗 / 閹,自購新馬,"$76,950",0-0-0-11,陳俊達,36.0,Jimmy Choux,Night Danza,Danzero,沒有
A270,霸勝 (A270) (已退役),2021-05-12,retired,2026-04-21,紐西蘭,棗 / 閹,自購新馬,"$5,428,320",5-5-4-44,葉俊成,51.0,O'Reilly,Miraculous Miss,Exceed And Excel,沒有
A271,龍城勁將 (A271) (已退役),2018-09-02,retired,2026-04-21,紐西蘭,棗 / 閹,自購新馬,"$669,600",0-2-2-8,布魯士先生及夫人,54.0,O'Reilly,Pin High,Pins,沒有
A272,本事 (A272) (已退役),2019-02-02,retired,2026-04-21,紐西蘭,棕 / 閹,自購新馬,"$712,300",1-1-1-15,鍾建書,31.0,Pentire,Zablonde,Zabeel,沒有
A273,祥光普照 (A273) (已退役),2020-01-11,retired,2026-04-21,紐西蘭,棗 / 閹,自購新馬,"$1,003,950",0-4-1-23,陳雄,28.0,Per Incanto,Zalass,Zabeel,有財有勢
A274,扶搖勁上 (A274) (已退役),2017-05-31,retired,2026-04-21,紐西蘭,棗 / 閹,自購新馬,$0,0-0-0-1,姚君偉,50.0,Rip Van Winkle,Kitty,Black Minnaloushe,時尚歡欣
A275,常山耆寶 (A275) (已退役),2021-06-13,retired,2026-04-21,紐西蘭,棕 / 閹,自購新馬,"$2,157,550",4-0-3-41,趙汝熙與趙祟栢,22.0,Savabeel,Fire Song,Senor Pete,鬥志波
A276,喜歡盈 (A276) (已退役),2018-11-14,retired,2026-04-21,紐西蘭,棗 / 閹,自購新馬,"$460,600",0-1-1-12,高長昌先生及夫人、高葦穎與高偉豪,41.0,Savabeel,Harinui,Generous,鬥志波
A277,印印腳 (A277) (已退役),2019-12-21,retired,2026-04-21,紐西蘭,棕 / 閹,自購新馬,"$1,772,475",2-3-1-26,分享團體,28.0,Savabeel,Quatro,Rock Of Gibraltar,鬥志波
A278,開懷大少 (A278) (已退役),2022-11-09,retired,2026-04-21,澳洲,棗 / 閹,自購新馬,"$6,720,430",7-5-7-68,李秉光先生及夫人與李澤浩,45.0,Savabeel,Sotela,Commands,鬥志波
A280,大富大貴 (A280) (已退役),2018-07-15,retired,2026-04-21,紐西蘭,棗 / 閹,自購新馬,"$299,200",0-1-0-10,翁澤文,40.0,Showcasing,Twelve Carat,Snaadee,飛躍凱旋
A281,雷霆導彈 (A281) (已退役),2020-05-13,retired,2026-04-21,澳洲,棗 / 閹,自購新馬,"$683,800",1-1-0-20,羅光彥醫生與羅承恩醫生,28.0,Smart Missile,Venetian Lady,Woodman,特別美麗
A282,神州俊馬 (A282) (已退役),2020-11-11,retired,2026-04-21,澳洲,棗 / 閹,自購新馬,"$2,307,285",3-0-4-23,中華企業家賽馬團體,55.0,Star Witness,Bail Out,Charge Forward,晨曦儷人
A283,金禧貴人 (A283) (已退役),2017-11-05,retired,2026-04-21,澳洲,棗 / 閹,自購新馬,"$101,200",0-0-1-3,鄭明亮、鄭裕彤、鄭美美與鄭裕偉,45.0,Stryker,Flushed,Redding,沒有
A284,鴻圖機會 (A284) (已退役),2019-12-15,retired,2026-04-21,紐西蘭,棗 / 閹,自購新馬,"$863,400",1-1-1-19,陳冠生、陳東岳、陳延輝與陳永澤,32.0,Thewayyouare,Suzie Temple,Mellifont,沒有
A285,上旺財上 (A285) (已退役),2019-10-16,retired,2026-04-21,澳洲,黑 / 閹,自購新馬,"$872,850",1-3-0-21,郭志桁,28.0,Written Tycoon,Hayley's Thunder,Thunder Gulch,疾風財子
A286,貨如輪轉 (A286) (已退役),2019-01-12,retired,2026-04-21,紐西蘭,棕 / 閹,自購馬,"$799,950",0-2-2-24,梁志堅與梁思敏,46.0,Bachelor Duke,Tithe,Maroof,沒有
A287,五十五十 (A287) (已退役),2019-02-17,retired,2026-04-21,紐西蘭,灰 / 閹,自購馬,"$10,281,250",4-3-2-15,李運強與李黃惠娟,120.0,Thorn Park,Udiditagain,D'Cash,沒有
A288,揚名浪人 (A288) (已退役),2018-05-02,retired,2026-04-21,澳洲,棗 / 閹,自購新馬,$0,0-0-0-3,陳雅朗與楊哲寧,45.0,Commands,Olivine,Royal Academy,沒有
A289,雪山神鷹 (A289) (已退役),2017-12-03,retired,2026-04-21,紐西蘭,棗 / 閹,自購新馬,$0,0-0-0-7,年年盈團體,28.0,Fast 'N' Famous,Gilfinali,Blues Traveller,沒有
A290,美麗寶貝 (A290) (已取消登記),2018-06-24,retired,2026-04-21,紐西蘭,棗 / 閹,自購新馬,"$4,733,100",4-2-0-7,郭詩雅,90.0,Makfi,Mandeville,Hussonet,沒有
A291,爪皇轟天 (A291) (已退役),2021-03-24,retired,2026-04-21,紐西蘭,栗 / 閹,自購新馬,"$2,710,500",3-2-6-39,周漢文,47.0,Per Incanto,Brookster,Danske,有財有勢
A292,繽紛駿驥 (A292) (已退役),2020-07-01,retired,2026-04-21,紐西蘭,棗 / 閹,自購新馬,"$1,009,400",1-0-1-20,葉錦輝與葉啟昌,39.0,Tavistock,La Campanella,More Than Ready,領航傳祺
A293,樂滿家 (A293) (已退役),2021-04-08,retired,2026-04-21,澳洲,棗 / 閹,自購馬,"$6,090,450",4-3-4-47,陳卓林,71.0,Charge Forward,Cortina Gal,Flying Spur,沒有
A294,龍騰摘星 (A294) (已退役),2019-12-04,retired,2026-04-21,澳洲,棕 / 閹,自購馬,"$1,051,620",1-1-2-22,郝煒銘,50.0,Commands,Chameleon,Encosta de Lago,沒有
A295,地主群英 (A295) (已退役),2018-07-01,retired,2026-04-21,澳洲,棕 / 閹,自購馬,$0,0-0-0-12,沈培基,34.0,Lookin At Lucky,Shasmecka,Secret Savings,智取神駒
A296,馬功臣 (A296) (已退役),2022-04-27,retired,2026-04-21,澳洲,栗 / 閹,自購馬,"$5,158,975",4-3-8-57,孖士打團體,36.0,Magic Albert,Kate Of Clonmel,Bianconi,沒有
A297,酷比仔 (A297) (已退役),2019-10-30,retired,2026-04-21,澳洲,栗 / 閹,自購馬,"$2,646,950",2-2-0-17,禤浩賢,73.0,Sebring,Elle Labelle,Elvstroem,美麗同享
A298,森林之王 (A298) (已取消登記),2017-11-01,retired,2026-04-21,澳洲,栗 / 閹,自購新馬,"$30,800",0-0-0-4,馬鈞顯與馬梓燊,48.0,Choisir,As Good As Perfect,Swain,沒有
A299,旺蝦王 (A299) (已退役),2022-05-22,retired,2026-04-21,澳洲,灰 / 閹,自購新馬,"$37,586,550",12-5-3-31,劉錫康,112.0,Denman,De Chorus,Unbridled's Song,常嚐發財
A300,好甜橙 (A300) (已退役),2021-06-02,retired,2026-04-21,澳洲,栗 / 閹,自購新馬,"$3,953,324",5-4-0-39,皇團體,42.0,Exceed And Excel,Dubai Me Diamonds,Dubawi,福星小子
A301,大四喜 (A301) (已退役),2019-11-17,retired,2026-04-21,澳洲,棗 / 閹,自購新馬,"$2,923,300",2-7-3-33,孫騰章、周招賢、孫國華與李光正,52.0,Hinchinbrook,Startling Pleasure,Shovhog,銀進
A303,雄武精神 (A303) (已退役),2019-03-02,retired,2026-04-21,澳洲,栗 / 閹,自購新馬,$0,0-0-0-3,余順洪,40.0,Turffontein,Strategic Impulse,Strategic,沒有
A305,理想回報 (A305) (已退役),2021-06-13,retired,2026-04-21,英國,棗 / 閹,自購馬,"$4,037,358",2-7-6-53,戴偉賢與嚴顯強,38.0,Shamardal,Cape Dollar,Cape Cross,御冠軍
A307,港林福星 (A307) (已取消登記),2019-11-20,retired,2026-04-21,紐西蘭,棗 / 閹,國際拍賣會新馬,"$1,311,775",2-1-2-26,譚秋,34.0,Savabeel,Now The World,Flying Spur,鬥志波
A308,威武再現 (A308) (已退役),2019-10-01,retired,2026-04-21,德國,棗 / 閹,國際拍賣會新馬,"$1,771,400",1-2-3-15,孫少文先生及夫人,63.0,Soldier Hollow,C'est L'Amour,Whipper,沒有
A310,舉世無雙 (A310) (已退役),2021-02-14,retired,2026-04-21,愛爾蘭,棗 / 閹,國際拍賣會新馬,"$1,317,070",2-0-2-26,林怡仲與賴愛慧,36.0,Acclamation,Moment Juste,Pivotal,同樣美麗
A311,五陵霸 (A311) (已退役),2019-05-26,retired,2026-04-21,澳洲,棗 / 閹,國際拍賣會新馬,"$615,750",0-3-1-14,五陵會團體,37.0,Magic Albert,Judicial Queen,Unbridled's Song,沒有
A312,鑲黃旗 (A312) (已退役),2019-07-14,retired,2026-04-21,英國,棗 / 閹,國際拍賣會新馬,"$82,800",0-0-0-13,顧明均,15.0,Kyllachy,Capacious,Nayef,沒有
A313,活力勇士 (A313) (已退役),2021-03-24,retired,2026-04-21,澳洲,棕 / 閹,國際拍賣會新馬,"$3,467,715",3-6-2-42,梁孔德、梁劉柔芬、梁頴宇與梁麒繕,40.0,More Than Ready,Zingaling,Redoute's Choice,沒有
A314,醒目再臨 (A314) (已退役),2021-04-17,retired,2026-04-21,愛爾蘭,棗 / 閹,國際拍賣會新馬,"$2,892,940",2-3-3-43,大川徹,34.0,Fastnet Rock,Aniarnota,Dalakhani,飲杯
A315,驫驫 (A315) (已退役),2020-09-27,retired,2026-04-21,紐西蘭,棗 / 閹,國際拍賣會新馬,"$2,552,450",3-2-3-31,葉俊亨先生及夫人,35.0,Darci Brahma,Luscious Legs,Pins,領航多財
A316,旅遊皇者 (A316) (已退役),2019-02-27,retired,2026-04-21,澳洲,棗 / 閹,國際拍賣會新馬,"$1,404,650",2-1-1-15,黃士心,56.0,Duporth,Baby Corn,Exceed And Excel,沒有
A317,盡開顏 (A317) (已退役),2019-12-04,retired,2026-04-21,英國,棗 / 閹,國際拍賣會新馬,"$3,738,650",2-5-2-23,趙渡先生及夫人,68.0,Zoffany,Close To The Edge,Iffraaj,沒有
A318,明昇 (A318) (已退役),2018-10-24,retired,2026-04-21,澳洲,棗 / 閹,國際拍賣會新馬,"$160,200",0-0-0-17,游紹賢,21.0,Starcraft,Biancalaura,Belong To Me,一起美麗
A319,錶之霸 (A319) (已退役),2019-03-02,retired,2026-04-21,愛爾蘭,棗 / 閹,國際拍賣會新馬,"$210,200",0-0-0-8,楊建文,47.0,Exceed And Excel,Saabiq,Grand Slam,福星小子
A320,快利寶 (A320) (已退役),2022-06-22,retired,2026-04-21,愛爾蘭,灰 / 閹,國際拍賣會新馬,"$3,538,475",3-5-3-51,吳永光,26.0,Dark Angel,Marseille Express,Caerleon,安泰
A321,家品皇者 (A321) (已取消登記),2017-09-24,retired,2026-04-21,澳洲,棗 / 閹,國際拍賣會新馬,"$501,600",1-0-0-2,劉栢輝,65.0,Hussonet,Almah,Al Mufti,沒有
A322,火箭活力 (A322) (已退役),2019-07-14,retired,2026-04-21,澳洲,棗 / 閹,國際拍賣會新馬,$0,0-0-0-12,馬介璋,0.0,Fastnet Rock,Allez France,Hennessy,飲杯
A323,惜多福 (A323) (已退役),2021-02-28,retired,2026-04-21,愛爾蘭,栗 / 閹,國際拍賣會新馬,"$1,801,610",1-3-4-32,劉耀棠與劉懿暉,31.0,Casamento,Three Times,Bahamian Bounty,沒有
A324,明月昇輝 (A324) (已退役),2020-11-29,retired,2026-04-21,澳洲,棗 / 閹,國際拍賣會新馬,"$2,714,260",3-4-4-41,程凱信,42.0,Exceed And Excel,Mythical Play,Defensive Play,福星小子
A325,金獅雷將 (A325) (已退役),2019-12-01,retired,2026-04-21,法國,棗 / 閹,國際拍賣會新馬,"$1,755,025",3-1-1-24,香港木球會團體,30.0,Oasis Dream,Sanjida,Polish Precedent,連連幸運
A326,威進駒 (A326) (已退役),2023-09-17,retired,2026-04-21,澳洲,棗 / 閹,國際拍賣會新馬,"$6,889,625",5-7-6-65,蔡黃玲玲、蔡金山與蔡潤初,40.0,Street Cry,Extension Of Time,Dash For Cash,沒有
A327,合進駒 (A327) (已退役),2022-05-18,retired,2026-04-21,愛爾蘭,棗 / 閹,國際拍賣會新馬,"$1,366,850",3-0-0-22,蔡黃玲玲、蔡金山與蔡珍妮,31.0,Kodiac,Singitta,Singspiel,君子
A328,十分酷 (A328) (已退役),2020-04-01,retired,2026-04-21,澳洲,棗 / 閹,國際拍賣會新馬,"$333,300",0-1-0-9,梁松山,40.0,Smart Missile,Eyelean,Galileo,特別美麗
A329,迢迢千里 (A329) (已退役),2019-05-01,retired,2026-04-21,法國,棗 / 閹,國際拍賣會新馬,"$188,550",0-0-2-12,刘玉文,35.0,Holy Roman Emperor,Lapland,Linamix,競駿皇者
A330,劍二十 (A330) (已退役),2018-10-31,retired,2026-04-21,澳洲,棗 / 閹,國際拍賣會新馬,"$349,800",0-2-0-10,葉思貝,37.0,Choisir,Rich Ransom,Red Ransom,沒有
A332,好利錢 (A332) (已退役),2019-11-27,retired,2026-04-21,澳洲,棗 / 閹,國際拍賣會新馬,"$407,805",0-0-3-7,李天澤醫生、何超鳳、何超瓊與何超蕸,45.0,Master Of Design,Sparkling Symphony,Stravinsky,沒有
A333,開心日子 (A333) (已退役),2021-05-02,retired,2026-04-21,澳洲,棗 / 閹,國際拍賣會新馬,"$3,700,955",3-7-3-51,鍾杰良,38.0,Artie Schiller,Vintage Rock,Thunder Gulch,幸運有您
A334,贏歌 (A334) (已退役),2020-02-02,retired,2026-04-21,英國,栗 / 閹,國際拍賣會新馬,"$186,300",0-0-1-17,開心贏團體,22.0,Paco Boy,Tora Bora,Grand Lodge,沒有
A335,馬主精選 (A335) (已取消登記),2017-12-06,retired,2026-04-21,澳洲,棗 / 閹,國際拍賣會新馬,$0,0-0-0-8,香港馬主團體,23.0,Bel Esprit,Tiger Storm,Hold That Tiger,沒有
A336,猴王駒 (A336) (已退役),2019-10-27,retired,2026-04-21,澳洲,棗 / 閹,自購馬,"$1,651,365",1-3-1-31,張漢傑、張慧施與張宇成,54.0,Henrythenavigator,Creative Plan,Flying Spur,沒有
A337,上海大師 (A337) (已退役),2020-04-15,retired,2026-04-21,澳洲,棕 / 閹,自購馬,"$2,566,800",2-2-2-31,邦邦團體,56.0,More Than Ready,Rose Of Hallowell,Commands,沒有
A338,孟買之星 (A338) (已退役),2019-07-14,retired,2026-04-21,澳洲,栗 / 閹,自購馬,"$517,450",0-1-1-10,Ranjan Tikam Mahtani,75.0,Snitzel,Covertly,Metal Storm,百賀飛駒
A339,同得福 (A339) (已退役),2018-07-08,retired,2026-04-21,澳洲,棗／棕 / 閹,自購新馬,"$2,630,350",3-1-2-11,易劉瑛琳與易國良,71.0,Nicconi,Delarouze,Encosta de Lago,合夥飛馳
A340,薪勇 (A340) (已退役),2019-12-01,retired,2026-04-21,澳洲,棗 / 閹,自購新馬,"$864,950",1-1-2-22,許日炘與許日銓,37.0,Smart Missile,Porschalaine,Keltrice,特別美麗
A341,超正 (A341) (已退役),2018-02-04,retired,2026-04-21,澳洲,棕 / 閹,自購新馬,$0,0-0-0-1,馬素蘭,52.0,So You Think,Miss Darcey,Hussonet,鑽飾閃耀
A342,技藝超人 (A342) (已退役),2018-01-21,retired,2026-04-21,紐西蘭,棕 / 閹,自購馬,$0,0-0-0-1,何紫芬,72.0,Coats Choice,O'Tryst,O'Reilly,做好自己
A343,錶之勁 (A343) (已退役),2017-10-08,retired,2026-04-21,澳洲,棕 / 閹,自購馬,$0,0-0-0-3,林惠英,69.0,High Chaparral,Zumanity,O'Reilly,沒有
A344,傲風雲 (A344) (已退役),2019-11-03,retired,2026-04-21,紐西蘭,棗 / 閹,自購馬,"$1,492,700",2-1-1-15,馮國保與馮天佑,65.0,O'Reilly,Salkantay,Zabeel,沒有
A345,慣勝積極 (A345) (已退役),2021-07-14,retired,2026-04-21,紐西蘭,棕 / 閹,自購新馬,"$1,883,800",1-4-3-32,開心福星團體,32.0,Denman,Batroun,Danzero,常嚐發財
A346,黃金元帥 (A346) (已退役),2021-03-31,retired,2026-04-21,紐西蘭,棗 / 閹,自購新馬,"$323,625",0-1-1-20,鞠祿龍,16.0,Foxwedge,Beautiful Reward,Diesis,型到爆
A347,永旺喜喜 (A347) (已退役),2019-03-02,retired,2026-04-21,澳洲,棗 / 閹,自購新馬,"$1,259,040",0-4-3-23,張佩珠,36.0,Murtajill,Lady Of Laredo,Night Shift,沒有
A348,寶驫有盈 (A348) (已退役),2019-05-01,retired,2026-04-21,紐西蘭,棕 / 閹,自購新馬,"$574,150",0-3-0-21,張凱靈與高葦穎,21.0,Rip Van Winkle,Molly Dear,Cape Cross,時尚歡欣
A350,赤火神龍 (A350) (已退役),2020-12-02,retired,2026-04-21,巴西,棕 / 閹,自購馬,"$1,953,178",2-2-2-40,梁健強,35.0,Holy Roman Emperor,Sarada,New Colony,競駿皇者
A351,紫雲星 (A351) (已退役),2019-06-08,retired,2026-04-21,澳洲,棗 / 閹,自購馬,"$3,029,700",4-1-2-36,朱國安,59.0,Alfred Nobel,Matilda Grace,Stravinsky,沒有
A352,威力東 (A352) (已取消登記),2018-01-07,retired,2026-04-21,澳洲,棗 / 閹,自購馬,"$45,850",0-0-0-10,曾向東,54.0,Red Dazzler,Silky Tiger,Hold That Tiger,沒有
A354,魅影揚飛 (A354) (已退役),2022-09-18,retired,2026-04-21,澳洲,棕 / 閹,自購新馬,"$10,001,700",6-10-8-54,譚國章,82.0,All Too Hard,Cariad,Sequalo,見義勇為
A356,皇家魅力 (A356) (已退役),2020-09-16,retired,2026-04-21,澳洲,棕 / 閹,自購新馬,"$1,244,275",0-4-4-29,張偉賢,25.0,So You Think,Matter,Octagonal,鑽飾閃耀
A357,至尊大師 (A357) (已退役),2020-03-08,retired,2026-04-21,澳洲,棗 / 閹,自購新馬,"$2,063,620",4-0-1-28,"Arthur Antonio da Silva, Betty da Silva & Teresa Marie da Silva",47.0,Stryker,Fine Stem,Devaraja,沒有
A358,威威歡星 (A358) (已退役),2019-06-02,retired,2026-04-21,紐西蘭,棗 / 閹,自購馬,"$105,800",0-0-1-14,潘自強與潘可榮,41.0,Nadeem,Nikki's Bride,O'Reilly,沒有
A359,陽明亮亮 (A359) (已退役),2021-07-11,retired,2026-04-21,紐西蘭,棗 / 閹,自購新馬,"$3,941,920",4-5-6-40,黃趙麗嘉,50.0,O'Reilly,Savabeel Star,Savabeel,沒有
A360,多財多福 (A360) (已退役),2018-10-18,retired,2026-04-21,紐西蘭,棗 / 閹,自購新馬,"$55,200",0-0-0-5,許玉漢先生及夫人,44.0,Tavistock,Diva Down Under,Exceed And Excel,領航傳祺
A361,快靚正 (A361) (已退役),2017-11-08,retired,2026-04-21,愛爾蘭,棗 / 閹,自購馬,"$811,800",1-0-0-2,何永錦,82.0,Holy Roman Emperor,Jeu de Plume,Montjeu,競駿皇者
A362,睡眠大學 (A362) (已退役),2019-07-14,retired,2026-04-21,南非,栗 / 閹,自購馬,"$898,400",0-0-4-27,許章榮,44.0,Visionaire,Sweet Virginia,Casey Tibbs,沒有
A363,韻妙星 (A363) (已退役),2020-03-25,retired,2026-04-21,英國,栗 / 閹,自購新馬,"$3,381,345",3-3-4-34,朱明雅,47.0,Kyllachy,Amitola,Choisir,沒有
A364,清福 (A364) (已退役),2021-02-17,retired,2026-04-21,紐西蘭,棗 / 閹,自購馬,"$1,827,820",1-2-3-38,王振武,33.0,Alamosa,Miss Riviera,Montjeu,沒有
A365,好快樂 (A365) (已退役),2019-02-24,retired,2026-04-21,紐西蘭,棗 / 閹,自購馬,"$197,500",0-0-1-12,鄭合明、鄭新潼與劉偉健,48.0,Alamosa,Shy Belt,Kingdom Bay,沒有
A366,太聰明 (A366) (已退役),2019-02-27,retired,2026-04-21,紐西蘭,栗 / 閹,自購馬,"$1,264,950",0-2-5-20,馬天聰與馬天明,54.0,Mastercraftsman,Mardi Gras,Kaapstad,管之友
A367,志趣相投 (A367) (已退役),2020-06-24,retired,2026-04-21,紐西蘭,棕 / 閹,自購馬,"$8,051,750",4-4-3-30,鄧詠琪與鄭是鳳遺產執行人,96.0,Per Incanto,Silver Cent,Centaine,有財有勢
A369,好友營 (A369) (已退役),2019-02-27,retired,2026-04-21,紐西蘭,棗 / 閹,自購新馬,"$48,300",0-0-0-11,珠港之友團體,30.0,Iffraaj,Jabot,Green Perfume,爆出美麗
A370,隨心如意 (A370) (已退役),2019-01-09,retired,2026-04-21,澳洲,棗 / 閹,自購新馬,$0,0-0-0-11,陳穎怡與陳佛恩,17.0,Stratum,Albany Crest,Anabaa,沒有
A371,陽光 (A371) (已退役),2020-07-05,retired,2026-04-21,紐西蘭,棗 / 閹,自購新馬,"$2,393,683",2-2-5-29,龐遠文,48.0,Tavistock,Bantry Bay,Viking Ruler,領航傳祺
A372,醉多福 (A372) (已退役),2019-04-07,retired,2026-04-21,澳洲,栗 / 閹,自購馬,"$3,693,200",3-2-1-15,劉心暉,88.0,Captain Sonador,Nepro,Orpen,沒有
A373,英之友 (A373) (已退役),2021-02-21,retired,2026-04-21,澳洲,棗 / 閹,自購馬,"$2,494,285",2-3-2-38,英記會團體,50.0,Hard Spun,Perfect Promise,Caesour,智勇名駒
A374,美好時光 (A374) (已退役),2019-05-01,retired,2026-04-21,澳洲,棗／棕 / 閹,自購馬,$0,0-0-0-7,何劍鋒,55.0,Magnus,Verbatim,Giant's Causeway,人和家興
A375,平海福星 (A375) (已退役),2018-10-01,retired,2026-04-21,紐西蘭,棗 / 閹,自購馬,"$16,786,500",4-3-0-9,曾勝利,117.0,Nom Du Jeu,Vicky,Encosta de Lago,沒有
A376,索勝 (A376) (已退役),2017-11-05,retired,2026-04-21,澳洲,棗 / 閹,自購馬,$0,0-0-0-3,鄭龍敦,69.0,Northern Meteor,Exhibit,Octagonal,沒有
A377,激賞 (A377) (已退役),2022-01-30,retired,2026-04-21,澳洲,栗 / 閹,自購馬,"$10,422,775",4-7-7-51,馮慶延,81.0,Not A Single Doubt,Colorado Claire,Hussonet,無極勇將
A378,飛馬王子 (A378) (已退役),2018-07-11,retired,2026-04-21,澳洲,棗 / 閹,自購馬,$0,0-0-0-1,Purviz R Shroff,82.0,Reset,Riddles,Distorted Humor,沒有
A379,新力寶 (A379) (已退役),2023-06-18,retired,2026-04-21,澳洲,栗 / 閹,自購馬,"$5,605,000",5-2-1-41,黃良柏,75.0,Star Witness,Hilton Head,Fastnet Rock,晨曦儷人
A380,愛心寶貝 (A380) (已退役),2019-06-12,retired,2026-04-21,澳洲,棕 / 閹,自購馬,$0,0-0-0-11,林滋興先生及夫人,47.0,Stryker,Leica Gossip,One Cool Cat,沒有
A381,皇仁先鋒 (A381) (已退役),2020-01-05,retired,2026-04-21,澳洲,棗 / 閹,自購馬,"$2,512,350",2-2-1-21,皇仁賽馬團體,74.0,Zoffany,She's Sirius,Galileo,沒有
A382,帶綵來 (A382) (已退役),2018-02-25,retired,2026-04-21,澳洲,栗 / 閹,自購新馬,$0,0-0-0-1,王聰德,52.0,Exceed And Excel,Rosetta Stone,Sadler's Wells,福星小子
A383,玩得好 (A383) (已退役),2020-05-17,retired,2026-04-21,澳洲,栗 / 閹,自購新馬,"$1,550,325",1-2-3-19,又勝途團體,48.0,Hard Spun,Sweet Scene,Scenic,智勇名駒
A384,生力軍 (A384) (已退役),2019-07-07,retired,2026-04-21,澳洲,棗 / 閹,自購新馬,"$755,600",1-0-1-25,伍偉民,27.0,Hard Spun,Tango's Choice,Redoute's Choice,智勇名駒
A385,眾綵 (A385) (已取消登記),2018-05-16,retired,2026-04-21,澳洲,棗 / 閹,自購新馬,"$132,000",0-0-1-4,王經緯,45.0,Nicconi,Stellana,Testa Rossa,合夥飛馳
A386,真好意 (A386) (已退役),2019-02-07,retired,2026-04-21,澳洲,棗 / 閹,自購新馬,$0,0-0-0-11,陳勉,11.0,Not A Single Doubt,Five Star Belle,General Nediym,無極勇將
A387,好彩波幅 (A387) (已退役),2018-03-03,retired,2026-04-21,澳洲,棗 / 閹,自購新馬,"$796,400",1-1-1-3,柯亦凌,60.0,Reward For Effort,Bouchette,Canny Lad,前衛火影
A389,藍天兵馬 (A389) (已退役),2019-04-17,retired,2026-04-21,澳洲,栗 / 閹,自購新馬,"$161,000",0-0-0-11,藍國恩先生及夫人,35.0,Star Witness,Our Contessina,Vettori,晨曦儷人
A390,京城佳寶 (A390) (已退役),2018-09-26,retired,2026-04-21,澳洲,棗 / 閹,自購新馬,$0,0-0-0-7,杜威、杜啟邦、杜啟生與杜啟鋒,33.0,Testa Rossa,Miss Elvee,Elvstroem,沒有
A391,鑽得勁 (A391) (已退役),2020-03-29,retired,2026-04-21,澳洲,栗 / 閹,自購新馬,"$7,478,075",7-3-4-26,鍾國良,95.0,Toorak Toff,County Tale,Tale Of The Cat,沒有
A392,夢想飛翔 (A392) (已取消登記),2018-10-10,retired,2026-04-21,愛爾蘭,栗 / 閹,自購馬,"$770,800",1-1-0-14,上下溝通團體,51.0,Arcano,Miss Azeza,Dutch Art,沒有
A393,家寶恩 (A393) (已退役),2017-11-01,retired,2026-04-21,愛爾蘭,棗 / 閹,自購馬,$0,0-0-0-2,黃永光,79.0,Fastnet Rock,Phillippa,Galileo,飲杯
A394,洪福再來 (A394) (已退役),2017-11-26,retired,2026-04-21,德國,栗 / 閹,自購馬,$0,0-0-0-2,徐滿來,70.0,Lope de Vega,Aglow,Spinning World,悠悠乾坤
A396,金龍神駒 (A396) (已退役),2019-01-23,retired,2026-04-21,阿根廷,棗 / 閹,自購馬,"$691,750",0-1-1-14,余潤興,67.0,Heliostatic,Heaven To Sally,Honour And Glory,沒有
A398,月追越風 (A398) (已退役),2020-03-04,retired,2026-04-21,紐西蘭,棗 / 閹,自購馬,"$877,145",1-0-0-19,王政皓,50.0,Fully Fledged,Honeymoonzova,Volksraad,沒有
A399,領闖者 (A399) (已退役),2019-12-21,retired,2026-04-21,澳洲,棗 / 閹,自購馬,"$903,500",1-1-2-33,蕭梁曉冰,26.0,High Chaparral,Kylie's Way,Menifee,沒有
A400,美麗千里 (A400) (已退役),2018-02-18,retired,2026-04-21,紐西蘭,棕 / 閹,自購馬,"$45,850",0-0-0-3,郭羅桂珍,80.0,Iffraaj,Riesling,Last Tycoon,爆出美麗
A401,不可思議 (A401) (已退役),2017-12-10,retired,2026-04-21,紐西蘭,棗 / 閹,自購馬,"$409,200",0-1-0-2,陳璟瓏,95.0,Pour Moi,Baltika,Stravinsky,沒有
A402,綫路光輝 (A402) (已退役),2021-01-17,retired,2026-04-21,紐西蘭,棗 / 閹,自購馬,"$6,572,150",3-4-5-35,張廣軍與莫湛雄,87.0,Tavistock,Cinnadream,King Of Kings,領航傳祺
A403,正氣 (A403) (已退役),2018-02-18,retired,2026-04-21,紐西蘭,棗 / 閹,自購新馬,$0,0-0-0-4,冼雅恩,46.0,Commands,Mareva,Zabeel,沒有
A404,放閃 (A404) (已退役),2017-11-26,retired,2026-04-21,紐西蘭,棗 / 閹,自購新馬,$0,0-0-0-1,王學森,50.0,Iffraaj,Destined,Danehill,爆出美麗
A405,利之喜 (A405) (已退役),2020-04-19,retired,2026-04-21,澳洲,棗 / 閹,自購新馬,"$1,187,675",1-3-1-17,利之友團體,39.0,Magnus,The Girlfriend,Spinning World,人和家興
A407,香江世億 (A407) (已退役),2019-10-20,retired,2026-04-21,澳洲,灰 / 閹,自購新馬,"$315,175",0-1-1-14,陳志明,37.0,Pluck,Dream Leica,Maroof,沒有
A408,勁好玩 (A408) (已退役),2020-05-03,retired,2026-04-21,愛爾蘭,棗 / 閹,自購馬,"$437,575",0-1-1-22,顏志永與顏尹可欣,28.0,Dandy Man,Dame Hester,Diktat,定風波
A409,幸福分享 (A409) (已退役),2020-02-16,retired,2026-04-21,愛爾蘭,棗 / 閹,自購馬,"$7,330,150",3-2-3-22,黃凱汶,110.0,Fast Company,More Respect,Spectrum,沒有
A411,藍海策略 (A411) (已退役),2021-07-07,retired,2026-04-21,紐西蘭,棕 / 閹,自購馬,"$3,232,195",2-6-5-46,馬有友賽馬團體,47.0,Alamosa,Grey Swan,Daylami,沒有
A412,有利高 (A412) (已退役),2019-07-03,retired,2026-04-21,澳洲,栗 / 閹,自購馬,"$761,600",0-2-3-18,蔡業良與蔡方漢美,57.0,Exceed And Excel,Lune Rouge,Malibu Moon,福星小子
A413,加州精英 (A413) (已退役),2018-09-12,retired,2026-04-21,紐西蘭,棗 / 閹,自購馬,$0,0-0-0-7,草原團體,54.0,Exceed And Excel,Pin Up Lae,Pins,福星小子
A415,加州福星 (A415) (已退役),2019-09-01,retired,2026-04-21,澳洲,棗 / 閹,自購馬,"$7,303,350",4-4-3-26,陸梁佳儀,104.0,Fastnet Rock,Mimi Lebrock,Show A Heart,飲杯
A416,大眾精英 (A416) (已退役),2019-11-23,retired,2026-04-21,紐西蘭,棕 / 閹,自購馬,"$1,856,220",1-2-2-23,楊建山與楊志明,56.0,High Chaparral,Karmann Ghia,Volksraad,沒有
A417,加州神箭 (A417) (已退役),2020-07-08,retired,2026-04-21,澳洲,棗 / 閹,自購馬,"$3,111,000",1-5-4-30,梁舜茵,65.0,High Chaparral,Sarasota,Danehill,沒有
A418,好吉利 (A418) (已退役),2020-04-19,retired,2026-04-21,澳洲,栗 / 閹,自購馬,"$4,974,300",3-3-2-26,劉維劼,87.0,More Than Ready,Gunawati,Galileo,沒有
A419,鑽飾神聖 (A419) (已退役),2020-07-08,retired,2026-04-21,紐西蘭,棗 / 閹,自購馬,"$2,195,660",3-2-1-35,輝輝之友團體,52.0,Savabeel,Mill Duckie,Magic Ring,鬥志波
A420,棗棗幸運 (A420) (已退役),2019-11-09,retired,2026-04-21,澳洲,棗 / 閹,自購馬,"$1,074,800",1-1-0-12,黃勵,69.0,Starcraft,Flowerchild,Redoute's Choice,一起美麗
A421,勁到爆 (A421) (已退役),2018-11-10,retired,2026-04-21,澳洲,棕 / 閹,自購新馬,$0,0-0-0-2,紅鑽石團體,47.0,Charge Forward,Arboretum,Woodman,沒有
A423,幸運大兄 (A423) (已退役),2021-01-27,retired,2026-04-21,澳洲,棗 / 閹,自購新馬,"$2,444,050",4-2-3-36,幸運馬主團體,38.0,Danerich,Fantastic Glen,Fantastic Light,沒有
A424,投資旺 (A424) (已退役),2019-07-14,retired,2026-04-21,澳洲,棕 / 閹,自購新馬,"$235,000",0-1-0-20,全球華商投資協會團體,15.0,Foxwedge,Thebe,Galileo,型到爆
A425,當家熊 (A425) (已退役),2018-06-06,retired,2026-04-21,澳洲,棗 / 雌,自購新馬,$0,0-0-0-4,范劉鈺明與范邦初,40.0,Husson,Bear Fan,Pine Bluff,沒有
A426,八太子 (A426) (已退役),2021-06-26,retired,2026-04-21,澳洲,棕 / 閹,自購新馬,"$6,039,480",6-5-2-37,八團體,78.0,Rebel Raider,Callipygian,Dangerous,沒有
A427,金湶德 (A427) (已退役),2020-02-19,retired,2026-04-21,澳洲,栗 / 閹,自購新馬,"$1,513,100",3-0-0-25,鍾慧書,40.0,Reward For Effort,Coonac,Encosta de Lago,前衛火影
A429,以奇用兵 (A429) (已退役),2019-04-28,retired,2026-04-21,澳洲,棗 / 閹,自購新馬,"$11,656,050",7-2-2-13,陳國聰,122.0,Starcraft,Miss Midas,Flying Spur,一起美麗
A601,大仁大勇 (A601),2016-12-11,retired,2026-04-21,日本,棗 / 雄,訪港馬匹,$0,0-0-0-1,Akira Nakatsuji & Masanobu Habata,,Sakura Bakushin O,Siyabona,Kingmambo,沒有
A602,反叛丹駒 (A602),2016-12-11,retired,2026-04-21,澳洲,棗／棕 / 雄,訪港馬匹,$0,0-0-0-1,Laurel Oak Rebel Dane Syndicate et al,,California Dane,Texarcana,More Than Ready,沒有
A603,福兆 (A603),2017-12-10,retired,2026-04-21,愛爾蘭,棗 / 閹,訪港馬匹,"$610,500",0-0-0-2,"Isabelle Corbani, Pandora Racing & Ahmed Mouknass",,Invincible Spirit,Sun Bittern,Seeking The Gold,至高心得
A604,江河寶寶 (A604),2017-03-05,retired,2026-04-21,紐西蘭,棗 / 閹,訪港馬匹,$0,0-0-0-1,King Ho,108.0,Elusive City,Swiftsure,Jungle Pocket,沒有
A605,彎刀赤駿 (A605),2016-12-11,retired,2026-04-21,日本,灰 / 雄,訪港馬匹,$0,0-0-0-1,Tokyo Horse Racing Co Ltd,,Swept Overboard,Vermouth,Sunday Silence,沒有
A606,轟鳴 (A606),2016-12-11,retired,2026-04-21,英國,棗 / 閹,訪港馬匹,$0,0-0-0-1,Dr Marwan Koukash,,Oasis Dream,Desert Tigress,Storm Cat,連連幸運
A607,純知覺 (A607),2016-12-11,retired,2026-04-21,美國,灰／沙 / 閹,訪港馬匹,$0,0-0-0-0,Patricia A Generazio,,Zensational,Pure Disco,Disco Rico,沒有
A608,標誌名駒 (A608),2016-12-11,retired,2026-04-21,日本,深棗 / 雄,訪港馬匹,"$759,000",0-0-0-1,Teruya Yoshida,,Lohengrin,Stereotype,Sunday Silence,沒有
A609,新寫實派 (A609),2017-12-10,retired,2026-04-21,日本,栗 / 雄,訪港馬匹,"$13,900,000",1-0-1-3,Carrot Farm Co Ltd,,Neo Universe,Tokio Reality,Meadowlake,沒有
A610,巨獅嶺 (A610),2016-12-11,retired,2026-04-21,愛爾蘭,棗 / 雄,訪港馬匹,$0,0-0-0-1,"Michael Tabor, Derrick Smith, Mrs John Magnier & Mrs A M O'Brien",,Fastnet Rock,Descant,Nureyev,飲杯
A611,金威孖寶 (A611),2017-03-05,retired,2026-04-21,紐西蘭,棗 / 閹,訪港馬匹,$0,0-0-0-1,張福元,93.0,One Cool Cat,Dream Princess,Maroof,沒有
A612,深不可測 (A612),2016-12-11,retired,2026-04-21,愛爾蘭,棕 / 雄,訪港馬匹,$0,0-0-0-1,Rothschild Family,,New Approach,Uryale,Kendor,沒有
A613,皇后寶戒 (A613),2016-12-11,retired,2026-04-21,日本,深棗 / 雌,訪港馬匹,$0,0-0-0-1,Chizu Yoshida,,Manhattan Cafe,Aqua Ring,Anabaa,沒有
A614,銀色海浪 (A614),2016-12-11,retired,2026-04-21,法國,棗 / 雄,訪港馬匹,$0,0-0-0-1,Hspirit,,Silver Frost,Miss Bio,River Mist,沒有
A615,巨橙 (A615),2016-12-11,retired,2026-04-21,英國,棗 / 閹,訪港馬匹,$0,0-0-0-1,W J & T C O Gredley,,Duke Of Marmalade,Miss Brown To You,Fasliyev,沒有
A616,更凌駕 (A616),2017-12-10,retired,2026-04-21,法國,棗 / 閹,訪港馬匹,$0,0-0-0-2,C Barande-Barbe,,Linngari,Garlinote,Poliglote,沒有
A617,以身犯難 (A617),2016-12-11,retired,2026-04-21,愛爾蘭,棗 / 雄,訪港馬匹,"$1,650,000",0-0-1-1,Fair Salinia Ltd,,Fastnet Rock,Pride,Peintre Celebre,飲杯
A618,奔勝力 (A618),2016-12-11,retired,2026-04-21,澳洲,棗／棕 / 閹,訪港馬匹,"$330,000",0-0-0-1,A M Bull,,Tale Of The Cat,Paris Perfume,Kurofune,沒有
A619,醒目層次 (A619),2017-12-10,retired,2026-04-21,日本,灰 / 雌,訪港馬匹,"$1,369,500",0-0-0-2,Toru Okawa,,Deep Impact,Snow Style,White Muzzle,精彩動力
A620,記錄在案 (A620),2016-12-11,retired,2026-04-21,澳洲,棗／棕 / 閹,訪港馬匹,"$370,000",0-0-0-1,"R M Anderson, Mrs D A Anderson & Widden Stud Pty Ltd",,Stratum,Apamea,Zafonic,沒有
A621,克丘亞 (A621),2016-12-11,retired,2026-04-21,阿根廷,棗 / 閹,訪港馬匹,$0,0-0-0-1,Avengers Stable,,Pure Prize,Queen Cabaret,Wild Event,沒有
A622,幸運掌櫃 (A622),2017-03-05,retired,2026-04-21,澳洲,棗 / 閹,訪港馬匹,$0,0-0-0-1,林景培與伍錦明,93.0,Beneteau,Helena Girl,Commands,沒有
A623,滿貫福星 (A623),2018-05-12,retired,2026-04-21,紐西蘭,棗 / 閹,訪港馬匹,$0,0-0-0-2,陳代東,95.0,Sufficient,Middlebrook,Royal Academy,沒有
A624,精合金 (A624),2017-03-05,retired,2026-04-21,澳洲,棗 / 閹,訪港馬匹,$0,0-0-0-1,李遠發,84.0,Big Brown,Superb Lady,Canny Lad,沒有
A627,美國聯邦 (A627),2017-04-30,retired,2026-04-21,愛爾蘭,栗 / 雄,訪港馬匹,"$660,000",0-0-0-1,"N C Williams, Mr & Mrs L J Williams, P M Mehrten, B N Singer, V J Sammartino, Echo Beach Bstk (A & B Green), M S Gudinski, J & Mrs F Ingham & Heffernan Bstk",,Galileo,Beauty Is Truth,Pivotal,清雲龍駒
A628,民間智慧 (A628),2017-04-30,retired,2026-04-21,英國,棗 / 雄,訪港馬匹,$0,0-0-0-1,黃志祥,,Lawman,Saying,Giant's Causeway,沒有
A630,極地風暴 (A630),2018-12-09,retired,2026-04-21,英國,栗 / 閹,訪港馬匹,"$528,000",0-0-0-2,蕭百君,,Stormy Atlantic,Bea Remembered,Doyen,沒有
A631,心意傳達 (A631),2017-05-07,retired,2026-04-21,英國,棗 / 閹,訪港馬匹,"$320,000",0-0-0-1,黃志祥,,Dansili,Insinuate,Mr Prospector,沒有
B001,帖木兒 (B001) (已退役),2024-03-03,retired,2026-04-21,澳洲,棗 / 閹,自購馬,"$8,892,750",5-1-9-41,蕭劍瑩,81.0,Star Witness,Rocket Baby,Danzero,晨曦儷人
B002,旋風腿 (B002) (已退役),2020-01-15,retired,2026-04-21,澳洲,棗 / 閹,自購新馬,"$2,395,065",2-4-4-32,南旋團體,45.0,Anacheeva,Aurora's Hot,Fantastic Light,沒有
B003,永益善 (B003) (已退役),2021-01-06,retired,2026-04-21,澳洲,棗 / 閹,自購新馬,"$4,638,760",5-5-4-46,伍尚敦、陳文瀚與陳文豐,58.0,Bel Esprit,Viva Dubai,Dubai Destination,沒有
B004,神火金剛 (B004) (已退役),2021-07-11,retired,2026-04-21,澳洲,棗 / 閹,自購新馬,"$740,575",1-0-1-30,許晋奎,16.0,Charge Forward,La Viva La Rock,Rock Of Gibraltar,沒有
B005,雄偉飛龍 (B005) (已退役),2018-06-16,retired,2026-04-21,澳洲,棗 / 閹,自購新馬,$0,0-0-0-4,Manu N Melwani,46.0,Charge Forward,Luanne,Redoute's Choice,沒有
B006,管之星 (B006) (已退役),2020-09-13,retired,2026-04-21,紐西蘭,棗 / 閹,自購新馬,"$1,878,620",2-3-2-25,何應財與陳毓芬,49.0,Darci Brahma,Bella Rosalia,Singspiel,領航多財
B007,頌賞 (B007) (已退役),2020-07-15,retired,2026-04-21,澳洲,栗 / 閹,自購新馬,$0,0-0-0-13,旋風團體,7.0,Helmet,Gathering Gold,Street Cry,沒有
B008,八十八十 (B008) (已退役),2019-02-07,retired,2026-04-21,澳洲,棗 / 閹,自購新馬,"$2,644,900",3-3-0-14,李運強先生及夫人,69.0,Husson,Genepi,French Deputy,沒有
B009,心興德仁 (B009) (已退役),2019-03-02,retired,2026-04-21,澳洲,棗 / 閹,自購新馬,$0,0-0-0-3,唐英年博士,44.0,I Am Invincible,Youthful Edition,Youthful Legs,正極
B010,勇者勝 (B010) (已退役),2021-03-31,retired,2026-04-21,澳洲,棗 / 閹,自購新馬,"$2,184,095",3-1-1-28,馮家彬先生及夫人,52.0,Mint Lane,Very Edgy,Mister Malebo,沒有
B012,喜躍時刻 (B012) (已退役),2018-03-18,retired,2026-04-21,澳洲,棗 / 閹,自購新馬,"$193,600",0-1-0-1,欣喜時刻團體,53.0,Stryker,Holy Connection,Danzig Connection,沒有
B013,愛馬劍 (B013) (已退役),2022-11-12,retired,2026-04-21,紐西蘭,棗 / 閹,自購馬,"$5,086,810",2-7-11-62,香港愛馬女士協會團體,44.0,Zacinto,Avoid,Cullen,開心宇宙
B015,精英寶貝 (B015) (已退役),2020-07-01,retired,2026-04-21,紐西蘭,栗 / 閹,自購新馬,"$2,042,500",2-3-1-19,黃可欽,54.0,Align,English Kath,Kaapstad,沒有
B016,陽明豐豐 (B016) (已退役),2019-11-03,retired,2026-04-21,紐西蘭,栗 / 閹,自購新馬,"$917,700",1-2-0-18,黃德華,43.0,Battle Paint,Limelight,Deputy Governor,沒有
B017,心所欲 (B017) (已退役),2020-04-15,retired,2026-04-21,澳洲,棗 / 閹,自購新馬,"$199,220",0-0-0-10,方傑民,40.0,Casino Prince,Outlook To Success,El Moxie,金錢遊戲
B018,幸運星星 (B018) (已退役),2018-02-18,retired,2026-04-21,澳洲,棗 / 閹,自購新馬,$0,0-0-0-1,何壽基與何宗盛,52.0,Commands,Raboob,Red Ransom,沒有
B019,君達星 (B019) (已取消登記),2021-12-12,retired,2026-04-21,紐西蘭,棗 / 閹,自購新馬,"$9,062,690",7-2-1-27,君達之友賽馬團體,109.0,Darci Brahma,Bright Abyss,Royal Academy,領航多財
B020,徽煌 (B020) (已退役),2019-01-23,retired,2026-04-21,紐西蘭,棗 / 閹,自購新馬,$0,0-0-0-7,美好安徽團體,35.0,Darci Brahma,Delgatie Princess,One Cool Cat,領航多財
B021,上簽 (B021) (已退役),2019-09-08,retired,2026-04-21,紐西蘭,棗 / 閹,自購新馬,"$4,862,500",5-1-0-12,余慕文,83.0,Darci Brahma,Extra Explosive,Ekraar,領航多財
B022,首驫 (B022) (已退役),2019-07-07,retired,2026-04-21,紐西蘭,棗 / 閹,自購新馬,"$103,500",0-0-1-17,葉俊亨,15.0,Darci Brahma,Miss Bling,Golan,領航多財
B023,鵰神 (B023) (已退役),2021-07-04,retired,2026-04-21,紐西蘭,棗 / 閹,自購新馬,"$2,579,540",2-3-5-24,李偉文,45.0,Darci Brahma,Wildcat Woman,Forest Wildcat,領航多財
B025,銀紙 (B025) (已退役),2022-12-04,retired,2026-04-21,澳洲,灰 / 閹,自購新馬,"$8,116,650",7-2-5-32,寶豐投資集團團體,82.0,Hard Spun,Bonifacio,Even The Score,智勇名駒
B026,福多寶 (B026) (已退役),2021-10-17,retired,2026-04-21,紐西蘭,棗 / 閹,自購新馬,"$4,203,605",5-0-5-27,周福安先生及夫人,65.0,He's Remarkable,La Memoire,Tale Of The Cat,沒有
B027,銀亮之星 (B027) (已退役),2022-12-28,retired,2026-04-21,澳洲,栗 / 閹,自購新馬,"$3,367,600",3-4-4-48,銀亮賽馬團體,27.0,Helmet,Umoya,Nashwan,沒有
B028,依斯堅 (B028) (已退役),2020-03-29,retired,2026-04-21,澳洲,栗 / 閹,自購新馬,"$803,150",0-3-3-22,李耀湘,27.0,Magic Albert,Fiammarosa,Danehill,沒有
B029,精彩傳奇 (B029) (已退役),2018-02-14,retired,2026-04-21,紐西蘭,棗 / 閹,自購新馬,$0,0-0-0-3,百家樂團體,50.0,Mastercraftsman,Luscious Lass,Al Akbar,管之友
B030,天地同心 (B030) (已退役),2022-05-07,retired,2026-04-21,紐西蘭,棗 / 閹,自購新馬,"$2,350,850",2-5-4-36,陳南祿先生及夫人,35.0,Mastercraftsman,Royal Ambition,Royal Academy,管之友
B032,馬兒好 (B032) (已退役),2018-07-08,retired,2026-04-21,紐西蘭,棗 / 閹,自購新馬,$0,0-0-0-1,馬墉傑、馬振煒、馬墉宜與馬燦銳,50.0,Nadeem,Oaky Miss,Rory's Jester,沒有
B033,飛霸龍 (B033) (已退役),2022-06-01,retired,2026-04-21,紐西蘭,棗 / 閹,自購新馬,"$7,547,200",7-1-7-39,九龍塘會團體,68.0,O'Reilly,Shining Light,Star Way,沒有
B034,勁無比 (B034) (已退役),2021-07-14,retired,2026-04-21,紐西蘭,棗 / 閹,自購新馬,"$5,627,700",5-2-3-32,梁國威先生及夫人與梁偉堅先生及夫人,73.0,Ocean Park,Hope So,Fast 'N' Famous,潮州高球
B035,勇福星 (B035) (已退役),2020-09-20,retired,2026-04-21,紐西蘭,栗 / 閹,自購新馬,"$1,032,505",2-1-1-16,陳鑑光先生及夫人,43.0,Ocean Park,On The Board,Spectrum,潮州高球
B036,海龍 (B036) (已退役),2019-03-02,retired,2026-04-21,紐西蘭,棗 / 閹,自購新馬,"$52,800",0-0-0-12,吳偉光,23.0,Redwood,Agi Gu Li,Cadeaux Genereux,領航天子
B037,齊齊上 (B037) (已退役),2019-12-21,retired,2026-04-21,澳洲,栗 / 閹,自購新馬,$0,0-0-0-6,馮潮澤、梁鵬程與陳紹祥,32.0,Reward For Effort,Raewyn,Royal Academy,前衛火影
B038,電訊超人 (B038) (已取消登記),2018-07-04,retired,2026-04-21,紐西蘭,棗 / 閹,自購新馬,"$748,000",1-1-0-10,張敬山,52.0,Rock 'N' Pop,Row Of Diamonds,Savabeel,沒有
B039,超厲害 (B039) (已退役),2018-11-18,retired,2026-04-21,澳洲,栗 / 閹,自購新馬,$0,0-0-0-2,陳冠元,52.0,Sebring,Crafty Irna,Starcraft,美麗同享
B040,精益求精 (B040) (已退役),2019-06-12,retired,2026-04-21,澳洲,棗 / 閹,自購新馬,"$5,832,375",5-1-2-14,鄭穩偉,92.0,Sebring,Suzy Rocks,Rock Of Gibraltar,美麗同享
B041,幸運骰 (B041) (已退役),2019-04-14,retired,2026-04-21,紐西蘭,棕 / 閹,自購新馬,"$61,600",0-0-0-14,李炳棋,10.0,Showcasing,Elusive Rosie,Elusive City,飛躍凱旋
B042,青年軍 (B042) (已退役),2018-12-16,retired,2026-04-21,紐西蘭,棗／棕 / 閹,自購新馬,"$175,950",0-1-0-8,范達人,36.0,Showcasing,Valderama,Elusive City,飛躍凱旋
B047,陽明滿滿 (B047) (已退役),2021-05-12,retired,2026-04-21,紐西蘭,棗 / 閹,自購新馬,"$3,337,720",4-2-4-34,好好團體,50.0,Your Song,Shalt Not,St Covet,智勝勳章
B048,南莊加寶 (B048) (已退役),2021-09-08,retired,2026-04-21,紐西蘭,棗 / 閹,自購新馬,"$6,116,250",6-2-4-34,施曉彤,71.0,Zacinto,Volkara,Volksraad,開心宇宙
B049,文武先鋒 (B049) (已退役),2021-05-05,retired,2026-04-21,英國,棗 / 閹,自購馬,"$373,950",0-0-2-16,潘躍雄,40.0,Invincible Spirit,Loch Jipp,Belong To Me,至高心得
B050,火百合 (B050) (已退役),2020-06-10,retired,2026-04-21,愛爾蘭,栗 / 閹,自購新馬,"$2,535,813",2-2-6-27,百合團體,54.0,Danehill Dancer,Showerproof,Peintre Celebre,沒有
B051,光妙星 (B051) (已退役),2018-01-01,retired,2026-04-21,愛爾蘭,栗 / 閹,自購新馬,$0,0-0-0-2,葉仁浩,54.0,Rock Of Gibraltar,Sweet Sioux,Halling,沒有
B052,威威心得 (B052) (已退役),2021-09-05,retired,2026-04-21,愛爾蘭,棗 / 閹,自購馬,"$1,901,850",0-2-6-25,多多心得團體,56.0,Power,Biz Bar,Tobougg,祥勝力駒
B053,真漢子 (B053) (已退役),2019-03-02,retired,2026-04-21,澳洲,灰 / 閹,自購馬,$0,0-0-0-17,陳厚寶先生及夫人,23,Bradbury's Luck,Malela,Danske,沒有
B054,好風頭 (B054) (已退役),2018-06-27,retired,2026-04-21,澳洲,棗 / 閹,自購馬,"$78,600",0-0-0-3,鄺家永與陳倩敏,69,Fastnet Rock,Banc de Fortune,Galileo,飲杯
B055,大風暴 (B055) (已退役),2019-11-27,retired,2026-04-21,澳洲,棗 / 閹,自購馬,"$3,376,550",1-4-4-26,楊國全,79,Foxwedge,Isn't She Fabulous,Fusaichi Pegasus,型到爆
B056,裕豐泰 (B056) (已退役),2018-09-09,retired,2026-04-21,澳洲,棗 / 閹,自購馬,"$772,900",0-2-1-6,陳景生,70,Lope de Vega,Loving New,Choctaw Ridge,悠悠乾坤
B057,力奇先鋒 (B057) (已退役),2019-11-23,retired,2026-04-21,澳洲,栗 / 閹,自購馬,"$3,503,600",2-3-2-18,陳秋輝,87,Northern Meteor,Shared Reflections,Umatilla,沒有
B058,愛飛一號 (B058) (已退役),2019-04-22,retired,2026-04-21,澳洲,栗 / 閹,自購馬,"$1,389,000",2-1-0-21,曹思豪、陳偉茂、呂志宏與梁錦棠,63,Sepoy,Alberton Park,Thorn Park,沒有
B059,優秀寶 (B059) (已退役),2018-09-09,retired,2026-04-21,澳洲,棗 / 閹,自購新馬,$0,0-0-0-9,誠信團體,18,Best Choice,No Selection,Bianconi,沒有
B060,娛樂大少 (B060) (已退役),2020-09-27,retired,2026-04-21,澳洲,棗 / 閹,自購新馬,"$136,195",0-0-0-11,林建名遺產執行人,25,Foxwedge,Senorita Dane,Senor Pete,型到爆
B061,皇帝詔令 (B061) (已退役),2019-06-08,retired,2026-04-21,澳洲,棗 / 閹,自購新馬,"$200,100",0-0-2-15,馮柏棟先生及夫人與馮穎詩,25,Haradasun,Marquise Royale,Marquetry,沒有
B062,德天下 (B062) (已退役),2018-12-29,retired,2026-04-21,澳洲,棗 / 閹,自購新馬,"$30,800",0-0-0-8,時時開心團體,33,Hard Spun,Dubawi's Daughter,Dubawi,智勇名駒
B063,加加友福 (B063) (已退役),2019-01-06,retired,2026-04-21,澳洲,棗 / 閹,自購新馬,$0,0-0-0-8,蘇永強,33,Hinchinbrook,Our Kitty,Tale Of The Cat,銀進
B064,怡昌飛駒 (B064) (已退役),2020-11-01,retired,2026-04-21,澳洲,棗 / 雄,自購新馬,"$3,045,290",3-6-0-20,蔡曉鋒,67,Lonhro,Sparks Fly,Flying Spur,威武高升
B065,新強勇駿 (B065) (已退役),2020-06-07,retired,2026-04-21,澳洲,棗 / 閹,自購新馬,"$4,599,250",4-2-0-19,倫國偉、倫宇恒與吳錦坤,77,Lope de Vega,Spyglass Hill,Volksraad,悠悠乾坤
B066,馬到成功 (B066) (已退役),2019-07-07,retired,2026-04-21,澳洲,棗 / 閹,自購新馬,"$1,979,000",3-0-3-17,盧偉章先生及夫人與盧丞康,64,Magic Albert,Lagerphone,Fastnet Rock,沒有
B067,清新動力 (B067) (已退役),2021-01-10,retired,2026-04-21,紐西蘭,棗 / 閹,自購新馬,"$2,289,300",2-3-3-38,黃子奇與黃永麟,34,Makfi,Bannisters,Redoute's Choice,沒有
B068,艾雪 (B068) (已退役),2017-12-17,retired,2026-04-21,澳洲,棗 / 閹,自購新馬,$0,0-0-0-1,印度愛馬人士團體,52,Northern Meteor,Fast Talker,Fastnet Rock,沒有
B069,小鳥敖翔 (B069) (已退役),2022-02-12,retired,2026-04-21,澳洲,栗 / 閹,自購新馬,"$4,693,900",4-5-3-45,高金沛,44,Starcraft,Libor Lady,Exchange Rate,一起美麗
B070,蟲草之星 (B070) (已退役),2020-09-06,retired,2026-04-21,澳洲,棗 / 閹,自購新馬,"$4,980,050",4-4-5-27,御精英團體,77,Stratum,Enciamo,Encounter,沒有
B071,晴朗拍檔 (B071) (已退役),2021-07-11,retired,2026-04-21,紐西蘭,棗 / 閹,自購馬,"$1,325,375",1-2-4-38,晴朗的心團體,21,Echoes Of Heaven,Flightime,Yamanin Vital,沒有
B072,動力飛鷹 (B072) (已退役),2021-12-01,retired,2026-04-21,紐西蘭,棗 / 閹,自購馬,"$4,953,350",5-2-3-45,陳育舜,67,Guillotine,Dosh,Danske,沒有
